image_name,wrinkles,freakles,glasses,hair_color,hair_top,human_not_human
emotionet_5_sixth_50000_250008.jpg,1,0,0,0,2,0
emotionet_5_sixth_50000_250017.jpg,0,0,0,3,2,0
emotionet_5_sixth_50000_250074.jpg,1,0,0,4,2,0
emotionet_5_sixth_50000_250090.jpg,0,0,0,0,2,0
emotionet_5_sixth_50000_250119.jpg,0,0,1,4,2,0
emotionet_5_sixth_50000_250122.jpg,0,0,0,6,3,0
emotionet_5_sixth_50000_250125.jpg,0,0,0,6,2,0
emotionet_5_sixth_50000_250133.jpg,1,0,0,3,2,0
emotionet_5_sixth_50000_250134.jpg,1,0,0,4,2,0
emotionet_5_sixth_50000_250150.jpg,0,0,0,6,2,0
emotionet_5_sixth_50000_250159.jpg,0,0,0,6,2,0
emotionet_5_sixth_50000_250181.jpg,0,0,0,0,2,0
emotionet_5_sixth_50000_250186.jpg,0,0,0,0,3,0
emotionet_5_sixth_50000_250188.jpg,0,0,0,0,3,0
emotionet_5_sixth_50000_250224.jpg,0,0,0,0,3,0
emotionet_5_sixth_50000_250232.jpg,0,0,0,0,3,0
emotionet_5_sixth_50000_250235.jpg,0,0,0,0,3,0
emotionet_5_sixth_50000_250240.jpg,0,0,0,0,3,0
emotionet_5_sixth_50000_250247.jpg,0,0,0,1,3,0
emotionet_5_sixth_50000_250249.jpg,0,0,0,0,2,0
emotionet_5_sixth_50000_250258.jpg,0,0,0,1,2,0
emotionet_5_sixth_50000_250272.jpg,0,0,0,1,3,0
emotionet_5_sixth_50000_250289.jpg,0,0,0,0,2,0
emotionet_5_sixth_50000_250291.jpg,0,0,0,0,3,0
emotionet_5_sixth_50000_250296.jpg,0,0,0,1,3,0
emotionet_5_sixth_50000_250298.jpg,0,0,0,0,2,0
emotionet_5_sixth_50000_250300.jpg,0,0,0,1,3,0
emotionet_5_sixth_50000_250311.jpg,0,0,0,0,3,0
emotionet_5_sixth_50000_250316.jpg,0,0,0,0,3,0
emotionet_5_sixth_50000_250318.jpg,0,0,0,1,3,0
emotionet_5_sixth_50000_250412.jpg,1,0,0,3,2,0
emotionet_5_sixth_50000_250543.jpg,0,0,0,6,2,0
emotionet_5_sixth_50000_250544.jpg,0,0,0,3,2,0
emotionet_5_sixth_50000_250555.jpg,0,0,0,0,2,0
emotionet_5_sixth_50000_250578.jpg,0,0,0,6,3,0
emotionet_5_sixth_50000_250583.jpg,0,0,0,1,3,0
emotionet_5_sixth_50000_250584.jpg,0,0,1,0,1,0
emotionet_5_sixth_50000_250586.JPG,0,0,0,1,2,0
emotionet_5_sixth_50000_250588.JPG,1,0,1,0,2,0
emotionet_5_sixth_50000_250590.JPG,0,0,0,3,2,0
emotionet_5_sixth_50000_250592.jpg,1,0,0,0,1,0
emotionet_5_sixth_50000_250595.jpg,0,0,0,3,2,0
emotionet_5_sixth_50000_250626.jpg,0,0,0,0,2,0
emotionet_5_sixth_50000_250639.jpg,0,0,0,0,0,1
emotionet_5_sixth_50000_250654.jpg,1,0,0,3,2,0
emotionet_5_sixth_50000_250685.jpg,1,0,0,0,3,0
emotionet_5_sixth_50000_250702.jpg,0,0,0,0,2,0
emotionet_5_sixth_50000_250705.jpg,0,0,0,0,0,1
emotionet_5_sixth_50000_250737.jpg,0,0,0,8,3,0
emotionet_5_sixth_50000_250770.jpg,0,0,0,6,2,0
emotionet_5_sixth_50000_250804.jpg,0,0,0,3,2,0
emotionet_5_sixth_50000_250812.jpg,0,0,0,3,2,0
emotionet_5_sixth_50000_250815.jpg,0,0,0,3,3,0
emotionet_5_sixth_50000_250852.jpg,0,0,0,0,2,0
emotionet_5_sixth_50000_250860.jpg,0,0,0,0,2,0
emotionet_5_sixth_50000_250936.jpg,0,0,0,7,3,0
emotionet_5_sixth_50000_250992.jpg,0,0,0,3,2,0
emotionet_5_sixth_50000_250995.jpg,0,0,0,4,2,0
emotionet_5_sixth_50000_251053.jpg,0,0,0,8,3,0
emotionet_5_sixth_50000_251137.jpg,0,0,0,0,2,0
emotionet_5_sixth_50000_251139.jpg,0,0,0,4,2,0
emotionet_5_sixth_50000_251142.jpg,0,0,0,0,2,0
emotionet_5_sixth_50000_251156.JPG,0,0,0,0,2,0
emotionet_5_sixth_50000_251163.JPG,0,0,0,1,2,0
emotionet_5_sixth_50000_251284.jpg,0,0,1,5,1,0
emotionet_5_sixth_50000_251362.JPG,1,0,0,1,3,0
emotionet_5_sixth_50000_251371.jpg,0,0,0,6,2,0
emotionet_5_sixth_50000_251378.jpg,0,0,0,8,3,0
emotionet_5_sixth_50000_251407.jpg,0,0,0,1,2,0
emotionet_5_sixth_50000_251409.jpg,0,0,1,1,2,0
emotionet_5_sixth_50000_251418.jpg,0,0,0,0,2,0
emotionet_5_sixth_50000_251432.jpg,0,0,0,1,2,0
emotionet_5_sixth_50000_251464.jpg,0,0,0,4,2,0
emotionet_5_sixth_50000_251524.jpg,0,0,0,0,3,0
emotionet_5_sixth_50000_251540.jpg,1,0,0,1,2,0
emotionet_5_sixth_50000_251556.jpg,1,0,0,1,2,0
emotionet_5_sixth_50000_251558.jpg,0,0,0,0,0,1
emotionet_5_sixth_50000_251580.jpg,0,0,0,0,0,1
emotionet_5_sixth_50000_251587.jpg,1,0,0,0,2,0
emotionet_5_sixth_50000_251646.jpg,0,0,0,0,0,1
emotionet_5_sixth_50000_251648.jpg,0,0,0,1,3,0
emotionet_5_sixth_50000_251690.jpg,0,0,0,1,3,0
emotionet_5_sixth_50000_251697.jpg,0,0,0,4,3,0
emotionet_5_sixth_50000_251699.jpg,0,0,0,0,0,1
emotionet_5_sixth_50000_251710.jpg,0,0,0,0,0,1
emotionet_5_sixth_50000_251719.jpg,0,0,0,3,2,0
emotionet_5_sixth_50000_251759.jpg,0,0,0,0,0,1
emotionet_5_sixth_50000_251762.jpg,0,0,1,7,3,0
emotionet_5_sixth_50000_251765.jpg,0,0,0,0,0,1
emotionet_5_sixth_50000_251773.jpg,0,0,1,3,2,0
emotionet_5_sixth_50000_251774.jpg,0,0,0,1,3,0
emotionet_5_sixth_50000_251775.jpeg,0,0,0,0,0,1
emotionet_5_sixth_50000_251807.jpg,0,1,0,0,3,0
emotionet_5_sixth_50000_251809.jpg,0,0,0,0,3,0
emotionet_5_sixth_50000_251811.jpg,0,0,0,3,2,0
emotionet_5_sixth_50000_251816.jpg,0,0,0,3,2,0
emotionet_5_sixth_50000_251980.jpg,0,0,0,0,2,0
emotionet_5_sixth_50000_252034.jpg,1,0,0,0,2,0
emotionet_5_sixth_50000_252050.jpg,0,0,0,0,2,0
emotionet_5_sixth_50000_252062.jpg,0,0,0,8,3,0
emotionet_5_sixth_50000_252086.jpg,1,0,0,4,2,0
emotionet_5_sixth_50000_252099.jpg,0,0,0,0,2,0
emotionet_5_sixth_50000_252110.jpg,0,0,0,3,2,0
emotionet_5_sixth_50000_252207.jpg,0,0,0,1,2,0
emotionet_5_sixth_50000_252211.jpg,0,0,0,3,2,0
emotionet_5_sixth_50000_252216.jpg,0,0,0,0,2,0
emotionet_5_sixth_50000_252218.jpg,0,0,0,0,3,0
emotionet_5_sixth_50000_252263.jpg,0,0,0,0,2,0
emotionet_5_sixth_50000_252280.jpg,0,0,0,1,1,0
emotionet_5_sixth_50000_252335.jpg,0,0,0,3,2,0
emotionet_5_sixth_50000_252340.jpg,0,0,0,1,2,0
emotionet_5_sixth_50000_252347.jpg,0,0,0,3,2,0
emotionet_5_sixth_50000_252349.jpg,0,0,0,3,2,0
emotionet_5_sixth_50000_252375.jpg,0,0,0,0,2,0
emotionet_5_sixth_50000_252429.jpg,0,0,0,1,2,0
emotionet_5_sixth_50000_252431.jpg,0,0,0,0,3,0
emotionet_5_sixth_50000_252436.jpg,0,0,0,3,2,0
emotionet_5_sixth_50000_252438.jpg,0,0,0,3,2,0
emotionet_5_sixth_50000_252443.jpg,0,0,0,1,2,0
emotionet_5_sixth_50000_252444.jpg,0,0,0,3,2,0
emotionet_5_sixth_50000_252455.jpg,0,0,0,3,3,0
emotionet_5_sixth_50000_252567.jpg,0,0,0,3,2,0
emotionet_5_sixth_50000_252576.jpg,0,0,0,5,3,0
emotionet_5_sixth_50000_252602.jpg,0,0,0,3,2,0
emotionet_5_sixth_50000_252605.jpg,0,0,0,0,0,1
emotionet_5_sixth_50000_252670.jpg,0,0,0,0,2,0
emotionet_5_sixth_50000_252677.jpg,0,0,0,0,2,0
emotionet_5_sixth_50000_252679.jpg,0,0,0,3,2,0
emotionet_5_sixth_50000_252721.jpg,0,0,0,3,2,0
emotionet_5_sixth_50000_252728.jpg,0,0,0,0,2,0
emotionet_5_sixth_50000_252753.jpg,0,0,0,1,2,0
emotionet_5_sixth_50000_252754.jpg,0,0,0,0,2,0
emotionet_5_sixth_50000_252793.jpg,0,0,0,0,2,0
emotionet_5_sixth_50000_252827.jpg,0,0,0,3,2,0
emotionet_5_sixth_50000_252831.jpg,0,0,0,3,2,0
emotionet_5_sixth_50000_252836.jpg,0,0,0,1,2,0
emotionet_5_sixth_50000_252838.jpg,0,0,0,3,2,0
emotionet_5_sixth_50000_252862.jpeg,0,0,1,0,2,0
emotionet_5_sixth_50000_252871.jpg,0,0,0,7,0,0
emotionet_5_sixth_50000_252892.jpg,0,0,0,7,2,0
emotionet_5_sixth_50000_252895.jpg,0,0,0,0,2,0
emotionet_5_sixth_50000_252904.jpg,0,0,0,1,2,0
emotionet_5_sixth_50000_252915.jpg,0,0,0,1,2,0
emotionet_5_sixth_50000_252929.jpg,0,0,0,0,3,0
emotionet_5_sixth_50000_252960.jpg,1,0,0,0,2,0
emotionet_5_sixth_50000_252967.jpg,0,0,0,8,3,0
emotionet_5_sixth_50000_253037.jpg,0,0,0,7,1,0
emotionet_5_sixth_50000_253056.JPG,0,0,0,1,2,0
emotionet_5_sixth_50000_253093.jpg,1,0,1,0,2,0
emotionet_5_sixth_50000_253094.jpg,1,0,0,1,2,0
emotionet_5_sixth_50000_253113.jpg,0,0,0,3,2,0
emotionet_5_sixth_50000_253269.jpg,1,0,0,1,2,0
emotionet_5_sixth_50000_253271.jpg,0,0,0,0,2,0
emotionet_5_sixth_50000_253276.jpg,1,0,0,1,2,0
emotionet_5_sixth_50000_253278.jpg,0,0,0,0,1,0
emotionet_5_sixth_50000_253292.jpg,0,0,0,3,2,0
emotionet_5_sixth_50000_253320.jpg,0,0,0,1,3,0
emotionet_5_sixth_50000_253327.jpg,0,0,0,0,0,1
emotionet_5_sixth_50000_253329.jpg,0,0,0,0,3,0
emotionet_5_sixth_50000_253331.jpg,0,0,0,3,2,0
emotionet_5_sixth_50000_253336.jpg,1,0,0,0,1,0
emotionet_5_sixth_50000_253355.jpg,1,0,0,5,2,0
emotionet_5_sixth_50000_253367.jpg,1,0,0,3,2,0
emotionet_5_sixth_50000_253451.jpg,1,0,2,2,1,0
emotionet_5_sixth_50000_253456.jpg,1,0,0,0,2,0
emotionet_5_sixth_50000_253458.jpg,0,0,0,1,2,0
emotionet_5_sixth_50000_253480.jpg,1,0,0,3,2,0
emotionet_5_sixth_50000_253489.jpg,0,0,0,0,2,0
emotionet_5_sixth_50000_253500.jpg,0,0,0,3,2,0
emotionet_5_sixth_50000_253610.jpg,1,0,0,2,1,0
emotionet_5_sixth_50000_253674.jpg,1,0,0,0,2,0
emotionet_5_sixth_50000_253719.jpeg,0,0,2,2,1,0
emotionet_5_sixth_50000_253733.jpg,0,0,0,0,2,0
emotionet_5_sixth_50000_253734.jpg,0,0,0,1,2,0
emotionet_5_sixth_50000_253748.jpg,0,0,0,1,3,0
emotionet_5_sixth_50000_253786.jpg,0,0,0,1,3,0
emotionet_5_sixth_50000_253790.jpg,0,0,0,0,2,0
emotionet_5_sixth_50000_253835.jpg,0,0,0,1,3,0
emotionet_5_sixth_50000_253849.jpg,0,0,0,3,2,0
emotionet_5_sixth_50000_253856.jpg,0,0,0,1,2,0
emotionet_5_sixth_50000_253858.jpg,0,0,0,0,3,0
emotionet_5_sixth_50000_253909.jpg,0,0,0,1,2,0
emotionet_5_sixth_50000_253911.jpg,0,0,0,5,2,0
emotionet_5_sixth_50000_253975.jpg,0,0,0,0,2,0
emotionet_5_sixth_50000_253996.jpg,0,0,2,0,2,0
emotionet_5_sixth_50000_254007.jpg,0,0,0,0,3,0
emotionet_5_sixth_50000_254040.jpg,0,0,0,1,2,0
emotionet_5_sixth_50000_254047.jpg,0,0,0,3,3,0
emotionet_5_sixth_50000_254049.jpg,0,0,0,3,2,0
emotionet_5_sixth_50000_254051.jpg,0,0,0,0,2,0
emotionet_5_sixth_50000_254096.jpg,0,0,0,4,2,0
emotionet_5_sixth_50000_254109.jpg,0,0,0,0,2,0
emotionet_5_sixth_50000_254111.jpg,0,0,0,0,2,0
emotionet_5_sixth_50000_254116.jpg,0,0,0,0,2,0
emotionet_5_sixth_50000_254118.jpg,1,0,0,5,2,0
emotionet_5_sixth_50000_254163.jpg,0,0,0,0,2,0
emotionet_5_sixth_50000_254175.jpg,1,0,0,0,1,0
emotionet_5_sixth_50000_254201.jpg,0,0,1,7,0,0
emotionet_5_sixth_50000_254206.jpg,0,0,0,0,2,0
emotionet_5_sixth_50000_254208.jpg,0,0,0,1,2,0
emotionet_5_sixth_50000_254248.jpg,0,0,0,3,2,0
emotionet_5_sixth_50000_254262.jpg,0,0,0,0,2,0
emotionet_5_sixth_50000_254299.jpg,1,0,0,3,2,0
emotionet_5_sixth_50000_254322.jpg,0,0,0,3,3,0
emotionet_5_sixth_50000_254388.jpg,0,0,0,0,2,0
emotionet_5_sixth_50000_254466.jpg,0,0,0,3,2,0
emotionet_5_sixth_50000_254514.jpg,1,0,0,3,2,0
emotionet_5_sixth_50000_254570.jpg,0,0,0,0,2,0
emotionet_5_sixth_50000_254577.jpg,0,0,0,1,1,0
emotionet_5_sixth_50000_254612.jpg,0,0,0,6,2,0
emotionet_5_sixth_50000_254615.jpg,0,0,0,7,0,0
emotionet_5_sixth_50000_254629.jpg,0,0,0,0,0,1
emotionet_5_sixth_50000_254669.jpg,1,0,0,2,1,0
emotionet_5_sixth_50000_254731.jpg,1,0,0,0,3,0
emotionet_5_sixth_50000_254771.jpg,0,0,0,1,2,0
emotionet_5_sixth_50000_254792.jpg,0,0,0,1,2,0
emotionet_5_sixth_50000_254795.jpg,1,0,0,7,1,0
emotionet_5_sixth_50000_254821.jpg,1,0,0,0,2,0
emotionet_5_sixth_50000_254842.jpg,0,0,0,0,0,1
emotionet_5_sixth_50000_254853.jpg,1,0,0,0,2,0
emotionet_5_sixth_50000_254854.jpg,0,0,0,3,2,0
emotionet_5_sixth_50000_254905.jpg,1,0,0,2,3,0
emotionet_5_sixth_50000_254966.jpg,1,0,1,5,2,0
emotionet_5_sixth_50000_254970.jpg,0,0,0,1,2,0
emotionet_5_sixth_50000_254977.jpg,0,0,0,0,0,1
emotionet_5_sixth_50000_254979.jpg,0,0,0,0,2,0
emotionet_5_sixth_50000_255020.jpg,0,0,0,0,3,0
emotionet_5_sixth_50000_255029.jpg,0,0,0,0,2,0
emotionet_5_sixth_50000_255043.jpg,0,0,0,0,0,1
emotionet_5_sixth_50000_255052.jpg,0,0,0,1,2,0
emotionet_5_sixth_50000_255069.jpg,0,0,0,0,2,0
emotionet_5_sixth_50000_255104.jpg,0,0,0,8,3,0
emotionet_5_sixth_50000_255178.jpg,1,0,0,2,1,0
emotionet_5_sixth_50000_255213.jpg,0,0,1,0,2,0
emotionet_5_sixth_50000_255214.jpg,0,0,1,0,2,0
emotionet_5_sixth_50000_255337.jpg,0,0,1,2,1,0
emotionet_5_sixth_50000_255339.jpg,1,0,0,1,1,0
emotionet_5_sixth_50000_255385.jpg,1,0,0,2,1,0
emotionet_5_sixth_50000_255393.jpg,0,0,0,3,2,0
emotionet_5_sixth_50000_255394.jpg,0,0,0,4,3,0
emotionet_5_sixth_50000_255408.jpg,0,0,0,6,2,0
emotionet_5_sixth_50000_255433.jpg,0,0,0,0,2,0
emotionet_5_sixth_50000_255434.jpg,0,0,0,0,3,0
emotionet_5_sixth_50000_255441.jpg,0,0,0,3,2,0
emotionet_5_sixth_50000_255446.jpg,0,0,0,3,2,0
emotionet_5_sixth_50000_255490.jpg,0,0,0,0,2,0
emotionet_5_sixth_50000_255497.jpg,0,0,0,1,2,0
emotionet_5_sixth_50000_255565.jpg,0,0,0,0,3,0
emotionet_5_sixth_50000_255581.jpg,0,0,0,3,2,0
emotionet_5_sixth_50000_255609.jpg,0,0,0,0,2,0
emotionet_5_sixth_50000_255611.jpg,1,0,1,2,2,0
emotionet_5_sixth_50000_255647.jpg,0,0,0,1,2,0
emotionet_5_sixth_50000_255723.jpg,0,0,0,0,0,1
emotionet_5_sixth_50000_255724.jpg,0,0,0,0,0,1
emotionet_5_sixth_50000_255749.jpg,0,0,0,0,3,0
emotionet_5_sixth_50000_255756.jpg,0,0,0,0,2,0
emotionet_5_sixth_50000_255758.jpg,0,0,0,0,3,0
emotionet_5_sixth_50000_255780.jpg,0,0,0,0,0,1
emotionet_5_sixth_50000_255881.jpg,0,0,0,3,2,0
emotionet_5_sixth_50000_255884.JPG,0,0,0,3,2,0
emotionet_5_sixth_50000_255890.jpg,0,0,0,4,2,0
emotionet_5_sixth_50000_255897.jpg,0,0,0,1,2,0
emotionet_5_sixth_50000_255899.jpg,0,0,0,3,2,0
emotionet_5_sixth_50000_256011.jpg,0,0,0,1,2,0
emotionet_5_sixth_50000_256063.jpg,0,0,0,3,3,0
emotionet_5_sixth_50000_256140.jpg,1,0,0,1,2,0
emotionet_5_sixth_50000_256149.jpg,0,0,0,3,2,0
emotionet_5_sixth_50000_256156.jpg,0,0,0,0,2,0
emotionet_5_sixth_50000_256222.jpg,0,0,0,0,3,0
emotionet_5_sixth_50000_256225.jpg,0,0,0,0,2,0
emotionet_5_sixth_50000_256241.jpg,0,0,0,0,0,1
emotionet_5_sixth_50000_256243.JPG,0,0,0,3,2,0
emotionet_5_sixth_50000_256250.jpg,0,0,0,5,2,0
emotionet_5_sixth_50000_256257.jpg,0,0,0,8,3,0
emotionet_5_sixth_50000_256259.jpg,0,0,0,1,2,0
emotionet_5_sixth_50000_256290.jpg,1,0,0,0,2,0
emotionet_5_sixth_50000_256301.jpg,1,0,0,1,2,0
emotionet_5_sixth_50000_256306.jpg,0,0,0,1,2,0
emotionet_5_sixth_50000_256308.jpg,0,0,0,1,2,0
emotionet_5_sixth_50000_256333.jpg,0,0,0,0,2,0
emotionet_5_sixth_50000_256365.jpg,0,0,0,0,0,1
emotionet_5_sixth_50000_256374.jpg,0,0,0,0,0,1
emotionet_5_sixth_50000_256402.jpg,0,0,0,3,2,0
emotionet_5_sixth_50000_256405.jpg,0,0,0,0,2,0
emotionet_5_sixth_50000_256439.jpg,1,1,0,0,2,0
emotionet_5_sixth_50000_256445.jpg,0,0,0,3,2,0
emotionet_5_sixth_50000_256468.jpg,1,0,0,5,2,0
emotionet_5_sixth_50000_256477.jpg,1,0,0,1,3,0
emotionet_5_sixth_50000_256479.jpg,0,0,0,0,0,1
emotionet_5_sixth_50000_256526.jpg,0,0,0,0,0,1
emotionet_5_sixth_50000_256528.jpg,0,0,0,2,2,0
emotionet_5_sixth_50000_256537.jpg,0,0,0,1,2,0
emotionet_5_sixth_50000_256582.jpg,0,0,0,3,2,0
emotionet_5_sixth_50000_256585.jpg,0,0,0,1,2,0
emotionet_5_sixth_50000_256620.jpg,0,0,0,0,2,0
emotionet_5_sixth_50000_256636.jpg,0,0,0,3,2,0
emotionet_5_sixth_50000_256638.jpg,1,0,0,0,2,0
emotionet_5_sixth_50000_256712.jpg,0,0,0,3,2,0
emotionet_5_sixth_50000_256715.jpg,1,0,0,2,1,0
emotionet_5_sixth_50000_256752.jpg,1,0,0,1,1,0
emotionet_5_sixth_50000_256769.jpg,1,0,1,0,1,0
emotionet_5_sixth_50000_256783.jpg,0,0,0,1,2,0
emotionet_5_sixth_50000_256877.jpg,0,0,0,1,2,0
emotionet_5_sixth_50000_256945.jpg,1,0,1,1,2,0
emotionet_5_sixth_50000_256982.jpg,0,0,0,0,0,1
emotionet_5_sixth_50000_256991.JPG,0,0,0,3,2,0
emotionet_5_sixth_50000_257060.jpg,0,0,0,0,0,1
emotionet_5_sixth_50000_257071.jpg,0,0,0,1,2,0
emotionet_5_sixth_50000_257074.JPG,0,0,0,0,0,1
emotionet_5_sixth_50000_257078.jpg,0,0,0,2,2,0
emotionet_5_sixth_50000_257112.jpg,0,0,1,2,0,0
emotionet_5_sixth_50000_257120.jpg,1,0,0,0,2,0
emotionet_5_sixth_50000_257127.jpg,0,0,0,8,3,0
emotionet_5_sixth_50000_257144.jpg,0,0,0,1,2,0
emotionet_5_sixth_50000_257152.jpg,0,0,0,1,2,0
emotionet_5_sixth_50000_257155.jpg,0,0,0,0,2,0
emotionet_5_sixth_50000_257183.jpg,0,0,0,1,2,0
emotionet_5_sixth_50000_257190.JPG,0,0,0,1,2,0
emotionet_5_sixth_50000_257195.jpg,0,0,0,0,2,0
emotionet_5_sixth_50000_257205.jpg,1,0,0,1,2,0
emotionet_5_sixth_50000_257230.jpg,1,0,0,2,2,0
emotionet_5_sixth_50000_257237.jpg,1,0,0,3,2,0
emotionet_5_sixth_50000_257239.jpg,0,0,0,0,2,0
emotionet_5_sixth_50000_257245.jpg,0,0,0,1,2,0
emotionet_5_sixth_50000_257313.jpg,0,0,0,0,3,0
emotionet_5_sixth_50000_257361.jpg,1,0,0,2,2,0
emotionet_5_sixth_50000_257377.jpg,0,0,0,1,2,0
emotionet_5_sixth_50000_257410.jpg,1,0,0,0,2,0
emotionet_5_sixth_50000_257419.jpg,0,0,0,0,2,0
emotionet_5_sixth_50000_257525.jpg,1,0,0,0,2,0
emotionet_5_sixth_50000_257533.jpg,1,0,0,0,1,0
emotionet_5_sixth_50000_257534.jpg,0,0,0,1,2,0
emotionet_5_sixth_50000_257541.jpg,0,1,0,0,2,0
emotionet_5_sixth_50000_257546.jpg,0,0,0,3,3,0
emotionet_5_sixth_50000_257548.jpg,1,0,0,1,2,0
emotionet_5_sixth_50000_257567.jpeg,0,0,0,3,2,0
emotionet_5_sixth_50000_257573.jpeg,0,0,0,0,2,0
emotionet_5_sixth_50000_257588.jpg,0,0,0,0,2,0
emotionet_5_sixth_50000_257590.jpg,0,0,0,8,3,0
emotionet_5_sixth_50000_257599.jpg,0,0,0,1,1,0
emotionet_5_sixth_50000_257626.JPG,0,0,1,0,2,0
emotionet_5_sixth_50000_257651.jpg,1,0,0,1,2,0
emotionet_5_sixth_50000_257664.jpg,0,0,0,0,2,0
emotionet_5_sixth_50000_257680.jpg,1,0,0,0,2,0
emotionet_5_sixth_50000_257687.jpg,0,0,0,3,2,0
emotionet_5_sixth_50000_257689.jpg,0,0,0,8,3,0
emotionet_5_sixth_50000_257859.jpg,0,0,0,0,2,0
emotionet_5_sixth_50000_257862.jpg,0,0,0,1,2,0
emotionet_5_sixth_50000_257865.jpg,0,0,0,0,2,0
emotionet_5_sixth_50000_257888.jpg,0,0,0,0,3,0
emotionet_5_sixth_50000_257901.jpg,0,0,0,0,0,1
emotionet_5_sixth_50000_257986.jpg,0,0,0,1,3,0
emotionet_5_sixth_50000_257990.jpg,0,0,0,1,3,0
emotionet_5_sixth_50000_257999.jpg,0,0,0,3,2,0
emotionet_5_sixth_50000_258090.JPG,0,0,0,1,2,0
emotionet_5_sixth_50000_258103.jpg,0,0,0,1,2,0
emotionet_5_sixth_50000_258104.jpg,0,0,0,0,2,0
emotionet_5_sixth_50000_258112.jpg,0,0,0,0,2,0
emotionet_5_sixth_50000_258171.jpg,1,0,0,0,2,0
emotionet_5_sixth_50000_258205.jpg,0,0,0,0,2,0
emotionet_5_sixth_50000_258213.jpg,0,0,0,8,1,0
emotionet_5_sixth_50000_258214.jpg,0,0,0,3,2,0
emotionet_5_sixth_50000_258261.jpg,0,0,0,1,2,0
emotionet_5_sixth_50000_258268.jpg,0,0,0,0,2,0
emotionet_5_sixth_50000_258279.jpg,0,0,0,6,2,0
emotionet_5_sixth_50000_258321.jpg,0,0,0,1,2,0
emotionet_5_sixth_50000_258345.jpg,0,0,0,0,0,1
emotionet_5_sixth_50000_258377.jpg,0,0,0,3,2,0
emotionet_5_sixth_50000_258393.jpg,0,0,0,3,2,0
emotionet_5_sixth_50000_258394.jpg,0,0,0,0,2,0
emotionet_5_sixth_50000_258433.jpg,0,0,0,8,3,0
emotionet_5_sixth_50000_258434.jpg,0,0,0,1,2,0
emotionet_5_sixth_50000_258441.jpg,0,0,0,4,2,0
emotionet_5_sixth_50000_258448.jpg,0,0,0,3,2,0
emotionet_5_sixth_50000_258457.jpg,0,0,0,3,2,0
emotionet_5_sixth_50000_258497.jpg,0,0,0,0,0,1
emotionet_5_sixth_50000_258499.jpg,0,0,0,3,2,0
emotionet_5_sixth_50000_258510.jpg,0,0,0,1,2,0
emotionet_5_sixth_50000_258517.jpg,0,0,0,3,2,0
emotionet_5_sixth_50000_258519.jpg,0,0,0,0,2,0
emotionet_5_sixth_50000_258559.jpg,0,0,0,0,3,0
emotionet_5_sixth_50000_258672.jpg,1,0,0,3,2,0
emotionet_5_sixth_50000_258716.jpg,0,0,0,0,2,0
emotionet_5_sixth_50000_258740.jpg,0,0,1,0,1,0
emotionet_5_sixth_50000_258751.jpg,0,0,0,0,2,0
emotionet_5_sixth_50000_258756.jpg,0,0,0,3,2,0
emotionet_5_sixth_50000_258758.jpg,0,0,0,0,2,0
emotionet_5_sixth_50000_258780.jpg,0,0,0,0,0,1
emotionet_5_sixth_50000_258787.jpg,0,0,0,0,2,0
emotionet_5_sixth_50000_258789.jpg,0,0,0,1,2,0
emotionet_5_sixth_50000_258791.jpg,0,0,0,0,2,0
emotionet_5_sixth_50000_258899.jpg,0,0,0,3,2,0
emotionet_5_sixth_50000_258962.jpg,0,0,0,1,2,0
emotionet_5_sixth_50000_258965.jpg,0,0,0,0,0,1
emotionet_5_sixth_50000_259032.jpg,0,0,0,3,2,0
emotionet_5_sixth_50000_259040.jpg,0,0,0,1,2,0
emotionet_5_sixth_50000_259047.jpg,0,0,0,0,2,0
emotionet_5_sixth_50000_259049.jpg,0,0,0,6,2,0
emotionet_5_sixth_50000_259058.jpg,0,0,0,0,2,0
emotionet_5_sixth_50000_259089.jpg,0,0,0,6,2,0
emotionet_5_sixth_50000_259091.jpg,0,0,0,1,2,0
emotionet_5_sixth_50000_259096.jpg,0,0,0,1,1,0
emotionet_5_sixth_50000_259098.jpg,0,0,0,0,2,0
emotionet_5_sixth_50000_259100.jpg,0,0,0,3,1,0
emotionet_5_sixth_50000_259111.jpg,0,0,0,1,2,0
emotionet_5_sixth_50000_259116.jpg,0,0,1,0,1,0
emotionet_5_sixth_50000_259118.jpg,0,0,0,0,2,0
emotionet_5_sixth_50000_259156.jpg,0,0,0,3,2,0
emotionet_5_sixth_50000_259163.jpg,0,0,0,2,2,0
emotionet_5_sixth_50000_259164.jpg,1,0,0,2,3,0
emotionet_5_sixth_50000_259174.jpeg,0,0,0,0,2,0
emotionet_5_sixth_50000_259187.jpg,0,0,0,0,2,0
emotionet_5_sixth_50000_259201.jpg,1,0,2,0,3,0
emotionet_5_sixth_50000_259217.jpg,0,0,0,0,0,1
emotionet_5_sixth_50000_259241.jpg,0,0,0,3,2,0
emotionet_5_sixth_50000_259274.jpg,0,0,0,0,0,1
emotionet_5_sixth_50000_259290.jpg,0,0,0,3,1,0
emotionet_5_sixth_50000_259325.jpg,0,0,0,3,1,0
emotionet_5_sixth_50000_259357.jpg,0,0,0,8,0,0
emotionet_5_sixth_50000_259381.jpg,0,0,0,1,2,0
emotionet_5_sixth_50000_259386.jpg,0,0,0,3,2,0
emotionet_5_sixth_50000_259421.jpg,1,0,0,1,2,0
emotionet_5_sixth_50000_259426.jpg,0,0,0,3,2,0
emotionet_5_sixth_50000_259439.jpg,0,0,0,3,2,0
emotionet_5_sixth_50000_259445.jpg,0,0,0,1,1,0
emotionet_5_sixth_50000_259485.jpg,0,0,0,0,2,0
emotionet_5_sixth_50000_259494.jpg,0,0,0,3,2,0
emotionet_5_sixth_50000_259502.jpg,0,0,0,1,2,0
emotionet_5_sixth_50000_259505.jpg,0,0,0,0,3,0
emotionet_5_sixth_50000_259570.jpg,0,0,0,1,2,0
emotionet_5_sixth_50000_259577.jpg,0,0,0,1,3,0
emotionet_5_sixth_50000_259579.jpg,0,0,0,1,2,0
emotionet_5_sixth_50000_259612.jpg,0,0,0,0,2,0
emotionet_5_sixth_50000_259615.jpg,0,0,0,1,2,0
emotionet_5_sixth_50000_259620.jpg,1,0,0,0,1,0
emotionet_5_sixth_50000_259667.jpg,0,0,0,3,2,0
emotionet_5_sixth_50000_259669.jpg,1,0,0,0,2,0
emotionet_5_sixth_50000_259731.jpg,0,0,1,0,2,0
emotionet_5_sixth_50000_259792.jpg,1,0,0,2,2,0
emotionet_5_sixth_50000_259837.jpg,1,0,0,0,3,0
emotionet_5_sixth_50000_259853.jpg,0,0,0,6,1,0
emotionet_5_sixth_50000_259854.jpg,0,0,0,6,1,0
emotionet_5_sixth_50000_259902.jpg,0,0,1,1,1,0
emotionet_5_sixth_50000_259905.jpg,0,0,0,2,2,0
emotionet_5_sixth_50000_259939.jpg,1,0,0,0,2,0
emotionet_5_sixth_50000_259979.jpg,0,0,0,0,2,0
emotionet_5_sixth_50000_260092.jpg,0,0,0,1,2,0
emotionet_5_sixth_50000_260095.jpg,0,0,0,0,2,0
emotionet_5_sixth_50000_260112.jpg,0,0,0,0,1,0
emotionet_5_sixth_50000_260160.jpg,1,0,1,2,1,0
emotionet_5_sixth_50000_260169.jpg,0,0,0,1,3,0
emotionet_5_sixth_50000_260202.jpg,1,0,0,3,2,0
emotionet_5_sixth_50000_260270.jpg,0,0,0,1,2,0
emotionet_5_sixth_50000_260314.jpg,1,0,0,2,2,0
emotionet_5_sixth_50000_260326.jpg,0,0,0,0,2,0
emotionet_5_sixth_50000_260422.jpg,1,0,0,0,2,0
emotionet_5_sixth_50000_260425.jpg,0,0,0,1,3,0
emotionet_5_sixth_50000_260434.jpg,0,0,0,0,2,0
emotionet_5_sixth_50000_260448.jpg,0,0,0,0,2,0
emotionet_5_sixth_50000_260450.jpg,0,0,0,3,2,0
emotionet_5_sixth_50000_260457.jpg,1,0,0,1,1,0
emotionet_5_sixth_50000_260459.jpg,1,0,0,2,2,0
emotionet_5_sixth_50000_260460.jpeg,0,0,0,1,2,0
emotionet_5_sixth_50000_260506.jpg,1,0,0,2,2,0
emotionet_5_sixth_50000_260508.jpg,0,0,0,0,0,1
emotionet_5_sixth_50000_260567.JPG,0,0,1,0,1,0
emotionet_5_sixth_50000_260597.jpg,0,0,1,8,3,0
emotionet_5_sixth_50000_260611.jpg,1,0,1,2,2,0
emotionet_5_sixth_50000_260614.JPG,0,0,0,4,2,0
emotionet_5_sixth_50000_260740.jpg,0,0,0,0,2,0
emotionet_5_sixth_50000_260747.jpg,0,0,0,0,2,0
emotionet_5_sixth_50000_260798.jpg,0,0,0,1,2,0
emotionet_5_sixth_50000_260810.jpg,0,0,0,1,2,0
emotionet_5_sixth_50000_260825.jpg,1,0,0,0,1,0
emotionet_5_sixth_50000_260846.jpg,0,0,0,3,2,0
emotionet_5_sixth_50000_260850.jpg,0,0,1,0,2,0
emotionet_5_sixth_50000_260857.jpg,1,0,0,2,1,0
emotionet_5_sixth_50000_260908.jpg,1,0,0,5,2,0
emotionet_5_sixth_50000_260915.JPG,0,0,0,1,2,0
emotionet_5_sixth_50000_260965.jpg,1,0,0,1,2,0
emotionet_5_sixth_50000_260974.jpg,0,0,0,0,2,0
emotionet_5_sixth_50000_261089.jpg,0,0,1,0,1,0
emotionet_5_sixth_50000_261091.jpg,0,0,1,5,1,0
emotionet_5_sixth_50000_261107.jpg,0,0,0,0,2,0
emotionet_5_sixth_50000_261109.jpg,0,0,0,3,2,0
emotionet_5_sixth_50000_261172.jpg,0,0,1,3,2,0
emotionet_5_sixth_50000_261175.jpg,0,0,1,1,1,0
emotionet_5_sixth_50000_261208.jpg,0,0,0,0,2,0
emotionet_5_sixth_50000_261210.jpg,0,0,0,5,1,0
emotionet_5_sixth_50000_261262.jpg,0,0,0,8,3,0
emotionet_5_sixth_50000_261265.jpg,1,0,0,0,2,0
emotionet_5_sixth_50000_261274.jpg,1,0,0,2,2,0
emotionet_5_sixth_50000_261341.jpg,0,0,1,0,2,0
emotionet_5_sixth_50000_261346.jpg,0,1,0,4,2,0
emotionet_5_sixth_50000_261348.jpg,0,0,1,3,2,0
emotionet_5_sixth_50000_261386.jpg,0,0,0,3,3,0
emotionet_5_sixth_50000_261390.jpg,0,0,0,0,2,0
emotionet_5_sixth_50000_261397.jpg,0,0,0,0,2,0
emotionet_5_sixth_50000_261399.jpg,0,0,0,3,2,0
emotionet_5_sixth_50000_261421.jpg,0,0,0,0,0,1
emotionet_5_sixth_50000_261426.jpg,0,0,0,0,0,1
emotionet_5_sixth_50000_261430.jpg,0,0,0,0,0,1
emotionet_5_sixth_50000_261439.jpg,1,0,0,3,2,0
emotionet_5_sixth_50000_261442.jpg,0,0,0,1,2,0
emotionet_5_sixth_50000_261520.jpeg,0,0,0,0,2,0
emotionet_5_sixth_50000_261561.jpg,0,0,1,0,2,0
emotionet_5_sixth_50000_261585.jpg,0,0,0,0,2,0
emotionet_5_sixth_50000_261603.jpg,0,0,1,1,2,0
emotionet_5_sixth_50000_261604.jpg,1,0,0,0,2,0
emotionet_5_sixth_50000_261615.jpg,0,0,0,2,1,0
emotionet_5_sixth_50000_261643.jpg,0,0,0,3,2,0
emotionet_5_sixth_50000_261671.jpg,0,0,0,0,0,1
emotionet_5_sixth_50000_261676.jpg,0,0,0,0,2,0
emotionet_5_sixth_50000_261720.jpg,0,0,0,1,3,0
emotionet_5_sixth_50000_261727.jpg,0,0,0,0,2,0
emotionet_5_sixth_50000_261729.jpg,0,0,0,1,2,0
emotionet_5_sixth_50000_261731.jpg,0,0,0,3,2,0
emotionet_5_sixth_50000_261736.jpg,0,0,0,1,2,0
emotionet_5_sixth_50000_261752.jpg,0,0,0,1,2,0
emotionet_5_sixth_50000_261755.jpg,0,0,0,8,1,0
emotionet_5_sixth_50000_261802.jpg,0,0,0,3,2,0
emotionet_5_sixth_50000_261837.jpg,1,0,2,4,2,0
emotionet_5_sixth_50000_261839.jpg,0,0,0,1,2,0
emotionet_5_sixth_50000_261842.jpg,1,0,0,2,1,0
emotionet_5_sixth_50000_261882.jpg,1,0,0,0,2,0
emotionet_5_sixth_50000_261893.jpg,0,0,1,1,1,0
emotionet_5_sixth_50000_261914.jpg,0,0,0,0,2,0
emotionet_5_sixth_50000_262015.jpg,0,0,0,0,2,0
emotionet_5_sixth_50000_262067.jpg,1,0,2,2,1,0
emotionet_5_sixth_50000_262069.jpg,0,0,0,0,1,0
emotionet_5_sixth_50000_262179.jpeg,0,0,0,1,2,0
emotionet_5_sixth_50000_262183.jpg,1,0,0,1,2,0
emotionet_5_sixth_50000_262184.jpg,1,0,0,2,2,0
emotionet_5_sixth_50000_262195.jpg,1,0,0,2,2,0
emotionet_5_sixth_50000_262221.jpg,0,0,0,0,2,0
emotionet_5_sixth_50000_262228.jpg,1,0,0,8,3,0
emotionet_5_sixth_50000_262239.jpg,0,0,0,3,2,0
emotionet_5_sixth_50000_262242.jpg,0,0,0,8,3,0
emotionet_5_sixth_50000_262245.jpg,0,0,0,2,2,0
emotionet_5_sixth_50000_262253.jpg,1,0,0,5,2,0
emotionet_5_sixth_50000_262254.jpg,0,0,0,0,2,0
emotionet_5_sixth_50000_262293.jpg,1,0,0,0,2,0
emotionet_5_sixth_50000_262302.jpg,0,0,0,1,2,0
emotionet_5_sixth_50000_262337.jpg,0,0,1,0,2,0
emotionet_5_sixth_50000_262361.jpg,1,0,0,8,3,0
emotionet_5_sixth_50000_262379.jpg,1,0,0,5,2,0
emotionet_5_sixth_50000_262401.jpg,0,0,0,8,0,0
emotionet_5_sixth_50000_262406.jpg,1,0,0,2,2,0
emotionet_5_sixth_50000_262408.jpg,0,0,0,3,2,0
emotionet_5_sixth_50000_262417.jpg,0,0,0,1,2,0
emotionet_5_sixth_50000_262441.jpg,0,0,0,8,3,0
emotionet_5_sixth_50000_262519.jpg,0,0,0,4,2,0
emotionet_5_sixth_50000_262522.jpg,0,0,0,4,2,0
emotionet_5_sixth_50000_262541.jpeg,0,0,1,2,2,0
emotionet_5_sixth_50000_262581.jpg,0,0,2,1,2,0
emotionet_5_sixth_50000_262624.jpg,0,0,1,1,2,0
emotionet_5_sixth_50000_262632.jpg,0,0,0,2,2,0
emotionet_5_sixth_50000_262635.jpg,0,0,0,2,2,0
emotionet_5_sixth_50000_262658.jpg,1,0,0,0,1,0
emotionet_5_sixth_50000_262689.jpg,0,0,0,1,3,0
emotionet_5_sixth_50000_262698.jpg,0,0,0,2,2,0
emotionet_5_sixth_50000_262716.jpg,1,0,0,2,1,0
emotionet_5_sixth_50000_262718.jpg,1,0,0,3,2,0
emotionet_5_sixth_50000_262751.jpeg,0,0,0,1,2,0
emotionet_5_sixth_50000_262819.jpg,0,0,0,0,2,0
emotionet_5_sixth_50000_262833.jpg,0,0,0,3,3,0
emotionet_5_sixth_50000_262917.jpg,0,0,0,3,2,0
emotionet_5_sixth_50000_262922.jpg,0,0,0,0,2,0
emotionet_5_sixth_50000_262941.jpg,0,0,0,1,2,0
emotionet_5_sixth_50000_262950.jpg,0,0,0,3,1,0
emotionet_5_sixth_50000_262981.jpg,0,0,0,0,0,1
emotionet_5_sixth_50000_262986.jpg,0,0,0,1,1,0
emotionet_5_sixth_50000_262988.jpg,0,0,0,0,0,1
emotionet_5_sixth_50000_262990.jpg,0,1,0,4,2,0
emotionet_5_sixth_50000_262997.jpg,0,0,0,1,2,0
emotionet_5_sixth_50000_263009.jpg,1,0,0,1,3,0
emotionet_5_sixth_50000_263018.jpg,0,0,0,2,1,0
emotionet_5_sixth_50000_263063.jpg,0,0,0,0,0,1
emotionet_5_sixth_50000_263064.jpg,0,0,0,1,2,0
emotionet_5_sixth_50000_263075.jpg,0,0,0,0,2,0
emotionet_5_sixth_50000_263124.jpg,0,0,0,1,2,0
emotionet_5_sixth_50000_263151.jpg,0,0,0,3,3,0
emotionet_5_sixth_50000_263233.jpg,0,0,0,1,3,0
emotionet_5_sixth_50000_263234.jpg,0,0,0,5,2,0
emotionet_5_sixth_50000_263241.jpg,0,0,0,0,2,0
emotionet_5_sixth_50000_263246.jpg,0,0,0,0,0,1
emotionet_5_sixth_50000_263248.jpg,0,0,0,3,2,0
emotionet_5_sixth_50000_263257.jpg,0,0,0,0,3,0
emotionet_5_sixth_50000_263286.jpg,0,0,0,1,2,0
emotionet_5_sixth_50000_263290.jpg,0,0,0,1,3,0
emotionet_5_sixth_50000_263297.jpg,0,0,0,1,2,0
emotionet_5_sixth_50000_263299.jpg,0,0,0,1,2,0
emotionet_5_sixth_50000_263317.jpg,0,0,0,3,2,0
emotionet_5_sixth_50000_263319.jpg,1,0,0,2,1,0
emotionet_5_sixth_50000_263359.jpg,1,0,0,0,2,0
emotionet_5_sixth_50000_263388.jpg,0,0,0,3,2,0
emotionet_5_sixth_50000_263461.jpg,0,0,0,0,2,0
emotionet_5_sixth_50000_263466.jpg,0,0,0,3,3,0
emotionet_5_sixth_50000_263530.jpg,0,0,0,1,3,0
emotionet_5_sixth_50000_263577.jpg,1,0,1,5,2,0
emotionet_5_sixth_50000_263619.jpeg,0,0,0,0,3,0
emotionet_5_sixth_50000_263683.jpg,0,0,0,0,0,1
emotionet_5_sixth_50000_263684.jpg,0,0,0,0,0,1
emotionet_5_sixth_50000_263703.jpg,0,0,0,2,2,0
emotionet_5_sixth_50000_263704.jpg,1,0,0,2,2,0
emotionet_5_sixth_50000_263712.jpg,0,0,0,1,2,0
emotionet_5_sixth_50000_263738.jpg,0,0,1,2,2,0
emotionet_5_sixth_50000_263744.jpg,0,0,0,0,2,0
emotionet_5_sixth_50000_263814.jpg,0,0,0,8,0,0
emotionet_5_sixth_50000_263861.jpg,0,0,0,3,2,0
emotionet_5_sixth_50000_263866.jpg,0,0,1,0,2,0
emotionet_5_sixth_50000_263905.jpg,1,0,0,2,2,0
emotionet_5_sixth_50000_263919.jpeg,0,0,0,0,2,0
emotionet_5_sixth_50000_263937.jpg,0,0,1,1,2,0
emotionet_5_sixth_50000_263942.jpg,1,0,0,2,2,0
emotionet_5_sixth_50000_263993.jpg,0,0,0,2,1,0
emotionet_5_sixth_50000_263994.jpg,0,0,0,1,2,0
emotionet_5_sixth_50000_264002.jpg,0,0,1,2,1,0
emotionet_5_sixth_50000_264013.jpg,0,0,0,0,2,0
emotionet_5_sixth_50000_264077.jpg,1,0,0,1,2,0
emotionet_5_sixth_50000_264079.jpg,1,0,0,3,2,0
emotionet_5_sixth_50000_264121.jpg,1,0,0,0,2,0
emotionet_5_sixth_50000_264128.jpg,0,0,1,0,2,0
emotionet_5_sixth_50000_264137.jpg,0,0,0,0,2,0
emotionet_5_sixth_50000_264153.jpg,1,0,0,2,2,0
emotionet_5_sixth_50000_264185.jpg,1,0,0,0,2,0
emotionet_5_sixth_50000_264231.jpg,1,0,0,1,2,0
emotionet_5_sixth_50000_264244.jpg,1,0,1,2,2,0
emotionet_5_sixth_50000_264292.jpg,0,0,0,3,2,0
emotionet_5_sixth_50000_264312.jpg,1,0,0,2,2,0
emotionet_5_sixth_50000_264416.jpg,0,0,1,2,2,0
emotionet_5_sixth_50000_264424.jpg,1,0,0,2,2,0
emotionet_5_sixth_50000_264472.jpg,0,0,0,0,2,0
emotionet_5_sixth_50000_264532.jpg,0,0,0,0,0,1
emotionet_5_sixth_50000_264535.jpg,0,0,0,0,0,1
emotionet_5_sixth_50000_264540.jpg,0,0,0,0,2,0
emotionet_5_sixth_50000_264547.jpg,0,0,0,0,0,1
emotionet_5_sixth_50000_264549.jpg,0,0,0,1,2,0
emotionet_5_sixth_50000_264556.jpg,0,0,0,1,2,0
emotionet_5_sixth_50000_264587.jpg,0,0,0,1,2,0
emotionet_5_sixth_50000_264591.jpg,0,0,0,0,0,1
emotionet_5_sixth_50000_264622.jpg,0,0,0,0,0,1
emotionet_5_sixth_50000_264650.jpg,0,0,0,1,2,0
emotionet_5_sixth_50000_264657.jpg,0,0,0,0,2,0
emotionet_5_sixth_50000_264701.jpg,0,0,0,1,2,0
emotionet_5_sixth_50000_264706.jpg,0,0,0,0,0,1
emotionet_5_sixth_50000_264708.jpg,0,0,0,0,0,1
emotionet_5_sixth_50000_264765.jpg,0,0,1,4,2,0
emotionet_5_sixth_50000_264800.jpg,0,0,0,3,2,0
emotionet_5_sixth_50000_264811.jpg,0,0,0,0,0,1
emotionet_5_sixth_50000_264856.jpg,0,0,0,0,0,1
emotionet_5_sixth_50000_264864.jpg,0,0,0,8,3,0
emotionet_5_sixth_50000_264887.jpg,0,0,0,3,2,0
emotionet_5_sixth_50000_264932.jpg,0,0,0,1,2,0
emotionet_5_sixth_50000_264940.jpg,0,0,0,1,2,0
emotionet_5_sixth_50000_264949.jpg,0,0,0,3,2,0
emotionet_5_sixth_50000_264958.jpg,0,0,0,3,2,0
emotionet_5_sixth_50000_264989.jpg,0,0,0,1,2,0
emotionet_5_sixth_50000_264991.jpg,1,0,0,0,2,0
emotionet_5_sixth_50000_265010.jpg,1,0,1,0,2,0
emotionet_5_sixth_50000_265062.jpg,0,0,0,0,2,0
emotionet_5_sixth_50000_265065.jpg,1,0,0,0,2,0
emotionet_5_sixth_50000_265148.jpg,1,0,0,2,1,0
emotionet_5_sixth_50000_265173.jpg,0,0,1,2,2,0
emotionet_5_sixth_50000_265188.jpg,0,0,0,1,2,0
emotionet_5_sixth_50000_265197.jpg,0,0,2,0,2,0
emotionet_5_sixth_50000_265199.jpg,0,0,0,0,0,1
emotionet_5_sixth_50000_265256.jpg,0,0,0,0,2,0
emotionet_5_sixth_50000_265287.jpg,0,0,1,2,1,0
emotionet_5_sixth_50000_265289.jpg,0,0,0,2,2,0
emotionet_5_sixth_50000_265372.jpg,0,0,0,1,2,0
emotionet_5_sixth_50000_265410.JPG,1,0,0,5,2,0
emotionet_5_sixth_50000_265476.jpg,0,0,0,1,2,0
emotionet_5_sixth_50000_265478.jpg,0,0,0,4,2,0
emotionet_5_sixth_50000_265520.jpg,1,0,0,5,2,0
emotionet_5_sixth_50000_265538.jpg,1,0,0,0,2,0
emotionet_5_sixth_50000_265555.jpg,1,0,0,1,2,0
emotionet_5_sixth_50000_265583.jpg,1,0,1,2,3,0
emotionet_5_sixth_50000_265628.jpg,1,0,0,1,2,0
emotionet_5_sixth_50000_265637.jpg,1,0,0,2,2,0
emotionet_5_sixth_50000_265639.jpg,1,0,0,5,1,0
emotionet_5_sixth_50000_265645.jpg,0,0,0,0,2,0
emotionet_5_sixth_50000_265653.jpg,0,0,0,3,2,0
emotionet_5_sixth_50000_265658.JPG,0,0,0,8,3,0
emotionet_5_sixth_50000_265682.jpg,0,0,0,8,3,0
emotionet_5_sixth_50000_265694.jpg,0,0,0,3,2,0
emotionet_5_sixth_50000_265714.jpg,0,0,0,4,2,0
emotionet_5_sixth_50000_265761.jpg,0,0,0,0,2,0
emotionet_5_sixth_50000_265777.jpg,0,0,0,0,2,0
emotionet_5_sixth_50000_265871.jpg,0,0,0,7,2,0
emotionet_5_sixth_50000_265920.jpg,0,0,0,0,2,0
emotionet_5_sixth_50000_265929.jpg,0,0,0,0,2,0
emotionet_5_sixth_50000_265960.jpg,0,0,0,0,2,0
emotionet_5_sixth_50000_265983.jpg,0,0,0,0,2,0
emotionet_5_sixth_50000_265984.jpg,0,0,0,0,2,0
emotionet_5_sixth_50000_266026.jpg,0,0,0,0,2,0
emotionet_5_sixth_50000_266028.jpg,0,0,0,0,2,0
emotionet_5_sixth_50000_266030.jpg,0,0,0,0,2,0
emotionet_5_sixth_50000_266054.jpg,0,0,0,1,2,0
emotionet_5_sixth_50000_266170.jpg,0,0,0,3,2,0
emotionet_5_sixth_50000_266229.jpg,0,0,0,3,3,0
emotionet_5_sixth_50000_266267.jpg,0,0,0,3,2,0
emotionet_5_sixth_50000_266269.jpg,0,0,0,1,2,0
emotionet_5_sixth_50000_266327.jpg,0,0,0,1,2,0
emotionet_5_sixth_50000_266371.jpg,0,0,0,0,0,1
emotionet_5_sixth_50000_266395.jpg,0,0,0,3,2,0
emotionet_5_sixth_50000_266435.jpg,0,0,0,0,0,1
emotionet_5_sixth_50000_266449.jpg,0,0,0,1,3,0
emotionet_5_sixth_50000_266451.jpg,0,0,0,0,2,0
emotionet_5_sixth_50000_266480.jpg,0,0,0,3,2,0
emotionet_5_sixth_50000_266485.JPG,0,0,0,8,3,0
emotionet_5_sixth_50000_266491.jpg,0,0,0,4,2,0
emotionet_5_sixth_50000_266498.jpg,1,0,0,3,2,0
emotionet_5_sixth_50000_266563.jpg,0,0,0,0,0,1
emotionet_5_sixth_50000_266564.jpg,0,0,0,0,3,0
emotionet_5_sixth_50000_266606.jpg,1,0,0,2,1,0
emotionet_5_sixth_50000_266608.jpg,0,0,2,1,2,0
emotionet_5_sixth_50000_266648.jpg,0,0,0,0,0,1
emotionet_5_sixth_50000_266673.jpg,0,0,0,0,0,1
emotionet_5_sixth_50000_266674.jpg,0,0,0,2,2,0
emotionet_5_sixth_50000_266750.jpg,1,0,1,5,2,0
emotionet_5_sixth_50000_266757.jpg,0,0,0,0,2,0
emotionet_5_sixth_50000_266809.jpg,0,0,0,1,2,0
emotionet_5_sixth_50000_266889.jpg,1,0,0,2,1,0
emotionet_5_sixth_50000_266891.jpg,0,0,0,0,0,1
emotionet_5_sixth_50000_266896.jpg,0,0,0,0,2,0
emotionet_5_sixth_50000_266898.jpg,0,0,0,0,2,0
emotionet_5_sixth_50000_266907.jpg,0,0,0,0,0,1
emotionet_5_sixth_50000_267022.jpg,0,0,0,0,2,0
emotionet_5_sixth_50000_267034.jpg,0,0,0,0,2,0
emotionet_5_sixth_50000_267046.jpg,0,0,0,0,2,0
emotionet_5_sixth_50000_267048.jpg,0,0,0,0,3,0
emotionet_5_sixth_50000_267106.jpg,0,0,0,0,0,1
emotionet_5_sixth_50000_267117.jpg,0,0,0,1,2,0
emotionet_5_sixth_50000_267119.jpg,0,0,0,0,0,1
emotionet_5_sixth_50000_267150.jpg,0,0,0,1,2,0
emotionet_5_sixth_50000_267162.jpg,0,0,0,1,2,0
emotionet_5_sixth_50000_267171.JPG,0,0,1,2,1,0
emotionet_5_sixth_50000_267195.JPG,0,0,0,3,2,0
emotionet_5_sixth_50000_267200.jpg,0,0,0,0,2,0
emotionet_5_sixth_50000_267207.jpg,0,0,0,0,2,0
emotionet_5_sixth_50000_267272.jpg,0,0,0,2,2,0
emotionet_5_sixth_50000_267296.jpg,1,0,0,0,3,0
emotionet_5_sixth_50000_267324.jpg,1,0,0,1,2,0
emotionet_5_sixth_50000_267335.jpg,0,0,0,3,2,0
emotionet_5_sixth_50000_267349.jpg,1,0,0,2,1,0
emotionet_5_sixth_50000_267358.jpg,0,0,0,4,2,0
emotionet_5_sixth_50000_267380.jpg,0,0,0,1,3,0
emotionet_5_sixth_50000_267398.jpg,0,0,0,4,2,0
emotionet_5_sixth_50000_267429.jpg,1,0,0,1,2,0
emotionet_5_sixth_50000_267443.jpg,0,0,1,1,2,0
emotionet_5_sixth_50000_267469.jpg,1,0,0,1,2,0
emotionet_5_sixth_50000_267483.jpg,0,0,0,6,2,0
emotionet_5_sixth_50000_267492.jpg,1,0,1,4,2,0
emotionet_5_sixth_50000_267571.jpg,1,0,0,2,3,0
emotionet_5_sixth_50000_267576.jpg,1,0,2,0,2,0
emotionet_5_sixth_50000_267626.jpg,1,0,1,1,2,0
emotionet_5_sixth_50000_267666.jpg,0,0,2,1,2,0
emotionet_5_sixth_50000_267730.jpg,0,0,0,1,2,0
emotionet_5_sixth_50000_267740.JPG,0,0,0,0,0,1
emotionet_5_sixth_50000_267745.jpg,1,0,1,5,2,0
emotionet_5_sixth_50000_267754.jpg,0,0,0,1,2,0
emotionet_5_sixth_50000_267827.jpg,0,0,0,0,2,0
emotionet_5_sixth_50000_267829.jpg,1,0,1,2,2,0
emotionet_5_sixth_50000_267831.jpg,0,0,0,4,2,0
emotionet_5_sixth_50000_267852.jpg,1,0,1,2,2,0
emotionet_5_sixth_50000_267855.jpg,1,0,0,0,3,0
emotionet_5_sixth_50000_267884.jpg,0,0,0,1,2,0
emotionet_5_sixth_50000_267915.jpg,0,0,0,1,1,0
emotionet_5_sixth_50000_267943.jpg,1,0,0,3,2,0
emotionet_5_sixth_50000_267965.JPG,0,0,0,8,3,0
emotionet_5_sixth_50000_267978.jpg,1,0,0,2,2,0
emotionet_5_sixth_50000_267986.JPG,0,0,0,1,2,0
emotionet_5_sixth_50000_268062.jpg,0,0,0,1,2,0
emotionet_5_sixth_50000_268065.jpg,0,0,0,1,2,0
emotionet_5_sixth_50000_268141.jpg,0,0,0,0,2,0
emotionet_5_sixth_50000_268146.jpg,0,0,0,0,1,0
emotionet_5_sixth_50000_268148.jpg,1,0,0,5,3,0
emotionet_5_sixth_50000_268150.jpg,1,0,0,5,1,0
emotionet_5_sixth_50000_268181.jpg,0,1,0,4,2,0
emotionet_5_sixth_50000_268190.jpg,0,0,0,0,0,1
emotionet_5_sixth_50000_268197.jpg,0,0,0,0,0,1
emotionet_5_sixth_50000_268199.jpg,0,0,0,1,3,0
emotionet_5_sixth_50000_268223.jpg,0,0,0,4,2,0
emotionet_5_sixth_50000_268224.jpg,0,0,0,4,2,0
emotionet_5_sixth_50000_268256.jpg,0,0,0,0,0,1
emotionet_5_sixth_50000_268280.jpg,0,0,0,4,2,0
emotionet_5_sixth_50000_268287.jpg,0,0,0,1,2,0
emotionet_5_sixth_50000_268289.jpg,0,0,0,0,2,0
emotionet_5_sixth_50000_268300.jpg,0,0,0,0,3,0
emotionet_5_sixth_50000_268307.jpg,0,0,0,1,2,0
emotionet_5_sixth_50000_268309.jpg,0,0,0,3,2,0
emotionet_5_sixth_50000_268349.jpg,0,0,0,1,2,0
emotionet_5_sixth_50000_268356.jpeg,1,0,0,0,2,0
emotionet_5_sixth_50000_268363.jpg,1,0,0,2,2,0
emotionet_5_sixth_50000_268375.jpg,0,0,0,1,2,0
emotionet_5_sixth_50000_268403.jpg,0,0,0,2,2,0
emotionet_5_sixth_50000_268404.jpg,0,0,0,0,3,0
emotionet_5_sixth_50000_268415.jpg,0,0,0,0,2,0
emotionet_5_sixth_50000_268443.jpg,1,0,0,1,2,0
emotionet_5_sixth_50000_268469.jpg,0,0,0,0,2,0
emotionet_5_sixth_50000_268471.jpg,0,0,0,3,2,0
emotionet_5_sixth_50000_268478.jpg,0,0,0,1,2,0
emotionet_5_sixth_50000_268492.jpg,0,0,0,1,2,0
emotionet_5_sixth_50000_268520.jpg,0,0,0,8,3,0
emotionet_5_sixth_50000_268529.jpg,0,0,0,3,2,0
emotionet_5_sixth_50000_268531.jpg,0,0,0,0,2,0
emotionet_5_sixth_50000_268626.jpg,0,0,0,0,2,0
emotionet_5_sixth_50000_268630.jpg,0,0,1,2,2,0
emotionet_5_sixth_50000_268693.jpg,1,0,1,1,2,0
emotionet_5_sixth_50000_268694.jpg,0,0,0,0,1,0
emotionet_5_sixth_50000_268702.jpg,1,0,0,0,2,0
emotionet_5_sixth_50000_268713.jpg,1,0,0,2,2,0
emotionet_5_sixth_50000_268714.jpg,1,0,0,0,2,0
emotionet_5_sixth_50000_268754.jpg,0,0,0,0,1,0
emotionet_5_sixth_50000_268761.jpg,0,0,0,1,2,0
emotionet_5_sixth_50000_268766.jpg,0,0,0,0,2,0
emotionet_5_sixth_50000_268768.jpg,0,0,0,5,2,0
emotionet_5_sixth_50000_268803.jpg,0,0,0,3,2,0
emotionet_5_sixth_50000_268804.jpg,0,0,0,1,2,0
emotionet_5_sixth_50000_268831.jpg,0,0,0,0,0,1
emotionet_5_sixth_50000_268843.jpeg,0,0,0,0,2,0
emotionet_5_sixth_50000_268867.jpg,1,0,0,2,1,0
emotionet_5_sixth_50000_268871.jpg,0,0,0,5,3,0
emotionet_5_sixth_50000_268876.jpg,1,0,1,8,0,0
emotionet_5_sixth_50000_268927.jpg,1,0,0,2,2,0
emotionet_5_sixth_50000_268955.jpg,0,0,0,0,2,0
emotionet_5_sixth_50000_268969.jpg,0,0,0,3,2,0
emotionet_5_sixth_50000_268983.jpg,0,0,0,0,0,1
emotionet_5_sixth_50000_268984.jpg,0,0,0,0,2,0
emotionet_5_sixth_50000_268992.jpg,0,0,0,8,3,0
emotionet_5_sixth_50000_269070.jpg,0,0,0,0,0,1
emotionet_5_sixth_50000_269077.jpg,0,0,1,0,2,0
emotionet_5_sixth_50000_269114.jpg,0,0,0,1,2,0
emotionet_5_sixth_50000_269121.jpg,1,0,0,0,2,0
emotionet_5_sixth_50000_269126.jpg,0,0,0,1,2,0
emotionet_5_sixth_50000_269142.jpg,0,0,0,0,0,1
emotionet_5_sixth_50000_269153.jpg,1,0,0,2,1,0
emotionet_5_sixth_50000_269182.jpg,1,0,0,2,1,0
emotionet_5_sixth_50000_269185.jpg,0,0,1,2,2,0
emotionet_5_sixth_50000_269255.jpg,0,0,0,0,0,1
emotionet_5_sixth_50000_269284.jpg,0,0,1,2,2,0
emotionet_5_sixth_50000_269292.jpg,0,0,0,0,3,0
emotionet_5_sixth_50000_269315.jpg,0,0,0,4,2,0
emotionet_5_sixth_50000_269360.jpg,0,0,0,0,2,0
emotionet_5_sixth_50000_269558.jpg,1,0,0,5,1,0
emotionet_5_sixth_50000_269575.jpg,0,0,0,3,2,0
emotionet_5_sixth_50000_269591.jpg,0,0,1,2,1,0
emotionet_5_sixth_50000_269596.jpg,1,0,0,1,3,0
emotionet_5_sixth_50000_269648.jpg,0,0,1,2,2,0
emotionet_5_sixth_50000_269657.jpg,0,0,0,0,2,0
emotionet_5_sixth_50000_269659.jpg,0,0,1,8,3,0
emotionet_5_sixth_50000_269681.jpg,0,0,0,1,2,0
emotionet_5_sixth_50000_269686.jpg,1,0,0,2,1,0
emotionet_5_sixth_50000_269688.jpg,0,0,0,0,0,1
emotionet_5_sixth_50000_269699.jpg,1,0,1,5,3,0
emotionet_5_sixth_50000_269701.jpg,1,0,0,0,2,0
emotionet_5_sixth_50000_269710.jpg,0,0,0,0,0,1
emotionet_5_sixth_50000_269774.jpg,0,0,0,0,0,1
emotionet_5_sixth_50000_269818.jpg,1,0,0,4,2,0
emotionet_5_sixth_50000_269863.jpg,1,0,0,1,2,0
emotionet_5_sixth_50000_269864.jpg,1,0,0,2,2,0
emotionet_5_sixth_50000_269875.jpg,0,0,0,0,0,1
emotionet_5_sixth_50000_269932.jpg,1,0,0,1,2,0
emotionet_5_sixth_50000_269935.jpg,1,0,0,8,3,0
emotionet_5_sixth_50000_269940.jpg,1,0,0,2,1,0
emotionet_5_sixth_50000_269947.jpg,1,0,0,5,1,0
emotionet_5_sixth_50000_269949.jpg,0,0,0,2,2,0
emotionet_5_sixth_50000_269951.jpg,0,0,0,1,2,0
emotionet_5_sixth_50000_269991.jpg,1,0,0,0,1,0
emotionet_5_sixth_50000_269996.jpg,0,0,0,0,2,0
emotionet_5_sixth_50000_270021.jpg,0,0,0,2,2,0
emotionet_5_sixth_50000_270028.jpg,0,0,0,1,2,0
emotionet_5_sixth_50000_270082.jpg,0,0,0,0,2,0
emotionet_5_sixth_50000_270166.jpg,0,0,0,0,0,1
emotionet_5_sixth_50000_270179.jpg,0,0,0,0,2,0
emotionet_5_sixth_50000_270212.jpg,1,0,0,5,1,0
emotionet_5_sixth_50000_270215.jpg,1,0,0,2,3,0
emotionet_5_sixth_50000_270227.jpg,0,0,0,0,0,1
emotionet_5_sixth_50000_270303.jpg,0,0,0,0,0,1
emotionet_5_sixth_50000_270329.jpg,0,0,0,0,2,0
emotionet_5_sixth_50000_270331.jpg,1,0,0,1,1,0
emotionet_5_sixth_50000_270336.jpg,0,0,0,3,2,0
emotionet_5_sixth_50000_270355.jpg,0,0,0,1,2,0
emotionet_5_sixth_50000_270383.jpg,0,0,0,2,1,0
emotionet_5_sixth_50000_270384.jpg,0,0,0,1,2,0
emotionet_5_sixth_50000_270409.jpg,1,0,1,1,2,0
emotionet_5_sixth_50000_270424.jpg,0,0,0,2,2,0
emotionet_5_sixth_50000_270440.jpg,1,0,1,2,1,0
emotionet_5_sixth_50000_270447.jpg,0,0,0,2,2,0
emotionet_5_sixth_50000_270449.jpg,0,0,0,0,2,0
emotionet_5_sixth_50000_270511.jpg,0,0,0,4,2,0
emotionet_5_sixth_50000_270518.jpg,0,0,0,0,0,1
emotionet_5_sixth_50000_270551.jpg,0,0,0,0,2,0
emotionet_5_sixth_50000_270563.jpg,0,0,0,4,0,1
emotionet_5_sixth_50000_270564.jpg,1,0,0,3,2,0
emotionet_5_sixth_50000_270608.jpg,0,0,0,1,2,0
emotionet_5_sixth_50000_270646.jpg,0,0,0,0,0,1
emotionet_5_sixth_50000_270673.jpg,0,0,2,1,1,0
emotionet_5_sixth_50000_270674.jpg,0,0,0,1,2,0
emotionet_5_sixth_50000_270697.jpg,0,0,0,3,2,0
emotionet_5_sixth_50000_270722.jpg,1,0,0,2,3,0
emotionet_5_sixth_50000_270748.jpg,0,0,0,3,2,0
emotionet_5_sixth_50000_270750.jpg,0,0,0,0,1,0
emotionet_5_sixth_50000_270762.jpg,0,0,1,2,1,0
emotionet_5_sixth_50000_270786.jpg,0,0,0,4,2,0
emotionet_5_sixth_50000_270832.jpg,0,0,0,0,2,0
emotionet_5_sixth_50000_270851.jpg,0,0,0,0,2,0
emotionet_5_sixth_50000_270880.jpg,0,0,0,0,2,0
emotionet_5_sixth_50000_270891.jpg,0,0,0,3,2,0
emotionet_5_sixth_50000_270909.jpg,1,0,1,0,2,0
emotionet_5_sixth_50000_270911.jpg,1,0,0,0,2,0
emotionet_5_sixth_50000_271006.jpg,0,0,0,1,1,0
emotionet_5_sixth_50000_271033.jpg,0,0,0,0,0,1
emotionet_5_sixth_50000_271041.jpg,0,0,0,1,3,0
emotionet_5_sixth_50000_271048.jpg,1,0,0,2,2,0
emotionet_5_sixth_50000_271050.jpg,0,0,0,0,0,1
emotionet_5_sixth_50000_271110.jpg,0,0,0,1,1,0
emotionet_5_sixth_50000_271122.jpg,0,0,0,0,0,1
emotionet_5_sixth_50000_271162.jpg,1,0,0,2,1,0
emotionet_5_sixth_50000_271165.jpg,1,0,0,8,0,0
emotionet_5_sixth_50000_271174.jpg,0,0,0,3,2,0
emotionet_5_sixth_50000_271200.jpg,0,0,0,0,2,0
emotionet_5_sixth_50000_271209.jpg,0,0,0,0,2,0
emotionet_5_sixth_50000_271264.jpg,0,0,0,3,2,0
emotionet_5_sixth_50000_271272.jpg,0,0,0,3,2,0
emotionet_5_sixth_50000_271275.jpg,0,0,0,0,2,0
emotionet_5_sixth_50000_271311.jpg,0,0,0,0,2,0
emotionet_5_sixth_50000_271323.jpg,0,0,0,0,2,0
emotionet_5_sixth_50000_271324.jpg,0,0,0,3,2,0
emotionet_5_sixth_50000_271351.jpg,0,0,0,0,0,1
emotionet_5_sixth_50000_271358.jpg,0,0,0,0,0,1
emotionet_5_sixth_50000_271389.jpg,0,0,0,3,2,0
emotionet_5_sixth_50000_271429.jpg,0,0,0,0,2,0
emotionet_5_sixth_50000_271431.jpg,0,0,0,3,2,0
emotionet_5_sixth_50000_271452.jpg,0,0,0,3,2,0
emotionet_5_sixth_50000_271515.jpg,0,0,0,3,2,0
emotionet_5_sixth_50000_271517.JPG,1,0,0,1,2,0
emotionet_5_sixth_50000_271543.jpg,0,0,0,8,3,0
emotionet_5_sixth_50000_271569.jpg,0,0,0,0,2,0
emotionet_5_sixth_50000_271571.jpg,0,0,0,0,2,0
emotionet_5_sixth_50000_271576.jpg,0,0,0,3,2,0
emotionet_5_sixth_50000_271602.jpg,0,0,0,1,2,0
emotionet_5_sixth_50000_271613.jpg,0,0,0,2,2,0
emotionet_5_sixth_50000_271614.jpg,0,0,0,0,2,0
emotionet_5_sixth_50000_271666.jpg,1,0,0,8,0,0
emotionet_5_sixth_50000_271685.jpg,0,0,0,3,2,0
emotionet_5_sixth_50000_271770.jpg,0,0,0,3,2,0
emotionet_5_sixth_50000_271793.jpg,0,0,0,8,3,0
emotionet_5_sixth_50000_271794.jpg,0,0,0,3,2,0
emotionet_5_sixth_50000_271820.jpg,0,0,0,1,1,0
emotionet_5_sixth_50000_271827.jpg,0,0,0,3,2,0
emotionet_5_sixth_50000_271829.jpg,1,0,0,0,2,0
emotionet_5_sixth_50000_271852.jpg,0,0,0,3,2,0
emotionet_5_sixth_50000_271883.jpg,0,0,0,1,2,0
emotionet_5_sixth_50000_271884.jpg,1,0,0,2,2,0
emotionet_5_sixth_50000_271892.jpg,1,0,0,0,2,0
emotionet_5_sixth_50000_271903.jpg,0,0,0,1,2,0
emotionet_5_sixth_50000_271904.jpg,0,0,0,3,2,0
emotionet_5_sixth_50000_271917.JPG,0,0,0,1,1,0
emotionet_5_sixth_50000_271931.jpg,0,0,0,4,2,0
emotionet_5_sixth_50000_271967.jpg,0,0,0,0,3,0
emotionet_5_sixth_50000_271971.jpg,0,0,0,0,2,0
emotionet_5_sixth_50000_271978.jpg,1,0,0,3,2,0
emotionet_5_sixth_50000_272061.jpg,0,0,0,0,2,0
emotionet_5_sixth_50000_272066.jpg,0,0,0,0,3,0
emotionet_5_sixth_50000_272077.jpg,0,0,0,0,3,0
emotionet_5_sixth_50000_272121.jpg,0,0,0,0,2,0
emotionet_5_sixth_50000_272126.jpg,0,0,0,3,2,0
emotionet_5_sixth_50000_272128.jpg,0,0,0,0,0,1
emotionet_5_sixth_50000_272139.jpg,0,0,0,3,2,0
emotionet_5_sixth_50000_272145.jpg,0,0,1,8,3,0
emotionet_5_sixth_50000_272153.jpg,0,0,0,0,2,0
emotionet_5_sixth_50000_272182.jpg,1,0,0,0,2,0
emotionet_5_sixth_50000_272185.jpg,1,0,0,1,2,0
emotionet_5_sixth_50000_272194.jpg,0,0,0,1,2,0
emotionet_5_sixth_50000_272204.jpg,0,0,0,1,2,0
emotionet_5_sixth_50000_272231.jpg,0,0,0,0,2,0
emotionet_5_sixth_50000_272236.jpg,0,0,0,0,2,0
emotionet_5_sixth_50000_272238.jpg,0,0,0,0,2,0
emotionet_5_sixth_50000_272243.jpg,1,0,0,2,2,0
emotionet_5_sixth_50000_272244.jpg,0,0,0,4,2,0
emotionet_5_sixth_50000_272252.jpg,0,0,0,1,3,0
emotionet_5_sixth_50000_272315.jpg,0,0,0,1,2,0
emotionet_5_sixth_50000_272371.jpg,0,0,0,1,2,0
emotionet_5_sixth_50000_272400.jpg,1,0,0,5,1,0
emotionet_5_sixth_50000_272463.jpg,0,0,0,0,2,0
emotionet_5_sixth_50000_272464.jpg,1,0,0,1,2,0
emotionet_5_sixth_50000_272591.jpg,0,0,0,1,3,0
emotionet_5_sixth_50000_272625.jpg,0,0,0,1,3,0
emotionet_5_sixth_50000_272633.jpg,0,0,0,0,2,0
emotionet_5_sixth_50000_272643.JPG,0,0,0,1,1,1
emotionet_5_sixth_50000_272650.jpg,0,0,0,0,0,1
emotionet_5_sixth_50000_272657.jpg,0,0,0,1,3,0
emotionet_5_sixth_50000_272665.jpg,1,0,0,1,2,0
emotionet_5_sixth_50000_272681.jpg,0,0,0,0,2,0
emotionet_5_sixth_50000_272686.jpg,0,0,0,0,2,0
emotionet_5_sixth_50000_272708.jpg,0,0,0,2,2,0
emotionet_5_sixth_50000_272710.jpg,1,0,0,3,2,0
emotionet_5_sixth_50000_272717.jpg,0,0,0,0,0,1
emotionet_5_sixth_50000_272816.jpg,0,0,0,0,0,1
emotionet_5_sixth_50000_272818.jpg,0,0,0,0,0,1
emotionet_5_sixth_50000_272864.jpg,0,0,0,1,2,0
emotionet_5_sixth_50000_272872.jpg,1,0,0,5,2,0
emotionet_5_sixth_50000_272889.jpg,0,0,1,8,0,0
emotionet_5_sixth_50000_272900.jpg,1,0,0,2,2,0
emotionet_5_sixth_50000_272940.jpg,0,0,0,8,3,0
emotionet_5_sixth_50000_272947.jpg,0,0,0,0,2,0
emotionet_5_sixth_50000_272949.jpg,0,0,0,3,2,0
emotionet_5_sixth_50000_273010.jpg,1,0,0,0,1,0
emotionet_5_sixth_50000_273017.jpg,0,0,0,0,0,1
emotionet_5_sixth_50000_273019.jpg,0,0,0,0,2,0
emotionet_5_sixth_50000_273025.jpg,1,0,0,0,2,0
emotionet_5_sixth_50000_273073.jpg,0,0,0,8,3,0
emotionet_5_sixth_50000_273133.jpg,0,0,0,0,0,1
emotionet_5_sixth_50000_273157.jpg,0,0,0,3,2,0
emotionet_5_sixth_50000_273186.jpg,0,0,0,1,2,0
emotionet_5_sixth_50000_273190.jpg,0,0,0,0,2,0
emotionet_5_sixth_50000_273197.jpg,0,0,0,1,2,0
emotionet_5_sixth_50000_273199.jpg,0,0,0,3,2,0
emotionet_5_sixth_50000_273258.jpg,1,0,0,0,2,0
emotionet_5_sixth_50000_273296.jpg,0,0,0,3,2,0
emotionet_5_sixth_50000_273313.JPG,0,0,0,1,2,0
emotionet_5_sixth_50000_273364.jpg,0,0,0,1,2,0
emotionet_5_sixth_50000_273375.jpg,1,0,1,0,1,0
emotionet_5_sixth_50000_273403.jpg,0,0,0,0,0,1
emotionet_5_sixth_50000_273404.jpg,0,0,0,0,0,1
emotionet_5_sixth_50000_273533.jpeg,0,0,0,3,2,0
emotionet_5_sixth_50000_273537.jpeg,1,0,0,2,1,0
emotionet_5_sixth_50000_273630.jpg,1,0,0,1,2,0
emotionet_5_sixth_50000_273637.jpg,0,0,0,3,2,0
emotionet_5_sixth_50000_273639.jpg,0,0,1,2,1,0
emotionet_5_sixth_50000_273645.jpg,0,0,1,2,2,0
emotionet_5_sixth_50000_273803.jpg,1,0,0,0,2,0
emotionet_5_sixth_50000_273804.jpg,1,0,0,1,2,0
emotionet_5_sixth_50000_273878.jpg,0,0,0,1,2,0
emotionet_5_sixth_50000_273927.jpg,0,0,1,0,2,0
emotionet_5_sixth_50000_273938.jpg,1,0,0,2,2,0
emotionet_5_sixth_50000_274060.jpg,0,0,0,0,2,0
emotionet_5_sixth_50000_274069.jpg,0,0,1,1,1,0
emotionet_5_sixth_50000_274078.jpg,1,0,0,2,2,0
emotionet_5_sixth_50000_274120.jpg,1,0,0,0,2,0
emotionet_5_sixth_50000_274144.jpg,0,0,0,0,2,0
emotionet_5_sixth_50000_274282.jpg,0,0,0,8,3,0
emotionet_5_sixth_50000_274285.jpg,1,0,0,1,2,0
emotionet_5_sixth_50000_274302.jpg,1,0,0,2,2,0
emotionet_5_sixth_50000_274305.jpg,0,0,0,1,2,0
emotionet_5_sixth_50000_274313.jpg,0,0,0,0,2,0
emotionet_5_sixth_50000_274406.jpg,0,0,0,0,2,0
emotionet_5_sixth_50000_274419.jpg,0,0,0,0,0,1
emotionet_5_sixth_50000_274465.jpg,0,0,0,3,2,0
emotionet_5_sixth_50000_274473.jpg,0,0,1,2,2,0
emotionet_5_sixth_50000_274474.jpg,0,0,0,0,0,1
emotionet_5_sixth_50000_274517.jpg,0,0,0,1,1,0
emotionet_5_sixth_50000_274525.jpg,0,0,0,0,2,0
emotionet_5_sixth_50000_274541.jpg,0,0,0,8,0,0
emotionet_5_sixth_50000_274581.jpg,1,0,0,1,3,0
emotionet_5_sixth_50000_274586.jpg,0,0,0,1,2,0
emotionet_5_sixth_50000_274588.jpg,0,0,0,1,1,0
emotionet_5_sixth_50000_274590.jpg,0,0,0,1,2,0
emotionet_5_sixth_50000_274600.jpg,0,0,0,3,2,0
emotionet_5_sixth_50000_274632.jpg,0,0,0,1,2,0
emotionet_5_sixth_50000_274635.jpg,0,0,0,3,2,0
emotionet_5_sixth_50000_274640.jpg,0,0,0,1,1,0
emotionet_5_sixth_50000_274647.jpg,0,0,0,0,2,0
emotionet_5_sixth_50000_274656.jpg,0,0,0,1,2,0
emotionet_5_sixth_50000_274696.jpg,0,0,0,3,2,0
emotionet_5_sixth_50000_274698.jpg,1,0,0,3,2,0
emotionet_5_sixth_50000_274789.jpg,0,0,0,0,0,1
emotionet_5_sixth_50000_274801.jpg,0,0,0,3,2,0
emotionet_5_sixth_50000_274808.jpg,0,0,0,0,0,1
emotionet_5_sixth_50000_274922.jpg,0,0,0,1,1,0
emotionet_5_sixth_50000_274950.jpg,0,0,0,1,2,0
emotionet_5_sixth_50000_274957.jpg,0,0,0,0,1,0
emotionet_5_sixth_50000_274959.jpg,0,0,0,0,2,0
emotionet_5_sixth_50000_274965.jpg,0,0,0,0,2,0
emotionet_5_sixth_50000_274992.JPG,0,0,1,8,0,0
emotionet_5_sixth_50000_275016.jpg,1,0,0,0,2,0
emotionet_5_sixth_50000_275091.jpg,0,0,0,1,3,0
emotionet_5_sixth_50000_275123.jpg,0,0,0,0,0,1
emotionet_5_sixth_50000_275124.jpg,0,0,0,1,2,0
emotionet_5_sixth_50000_275151.jpg,0,0,0,0,0,1
emotionet_5_sixth_50000_275156.jpg,0,0,0,1,2,0
emotionet_5_sixth_50000_275158.jpg,1,0,0,2,2,0
emotionet_5_sixth_50000_275180.jpg,0,0,1,8,0,0
emotionet_5_sixth_50000_275187.jpg,1,0,0,5,2,0
emotionet_5_sixth_50000_275189.jpg,1,0,0,2,2,0
emotionet_5_sixth_50000_275225.jpg,1,0,1,2,2,0
emotionet_5_sixth_50000_275241.jpg,0,0,0,1,2,0
emotionet_5_sixth_50000_275279.jpeg,0,0,1,0,2,0
emotionet_5_sixth_50000_275284.jpeg,1,0,1,1,2,0
emotionet_5_sixth_50000_275288.jpeg,1,0,0,0,2,0
emotionet_5_sixth_50000_275290.jpeg,1,0,1,5,2,0
emotionet_5_sixth_50000_275299.jpg,1,0,1,1,2,0
emotionet_5_sixth_50000_275301.jpg,0,0,1,2,2,0
emotionet_5_sixth_50000_275317.jpg,1,0,0,0,2,0
emotionet_5_sixth_50000_275319.jpg,1,0,1,0,2,0
emotionet_5_sixth_50000_275369.JPG,0,0,1,1,2,0
emotionet_5_sixth_50000_275371.JPG,0,0,0,1,2,0
emotionet_5_sixth_50000_275376.JPG,0,0,0,1,2,0
emotionet_5_sixth_50000_275378.JPG,0,0,0,1,2,0
emotionet_5_sixth_50000_275392.JPG,0,0,0,2,2,0
emotionet_5_sixth_50000_275414.jpg,1,0,0,0,2,0
emotionet_5_sixth_50000_275461.jpg,1,0,1,3,2,0
emotionet_5_sixth_50000_275466.jpg,1,0,1,2,2,0
emotionet_5_sixth_50000_275468.jpg,1,0,0,5,2,0
emotionet_5_sixth_50000_275477.jpg,1,0,1,5,2,0
emotionet_5_sixth_50000_275530.jpg,0,0,0,1,2,0
emotionet_5_sixth_50000_275537.jpg,1,0,0,2,2,0
emotionet_5_sixth_50000_275579.jpg,1,0,1,2,2,0
emotionet_5_sixth_50000_275638.jpg,0,0,0,1,2,0
emotionet_5_sixth_50000_275644.jpg,0,0,0,1,2,0
emotionet_5_sixth_50000_275652.jpg,0,0,1,1,2,0
emotionet_5_sixth_50000_275655.jpg,0,0,0,2,2,0
emotionet_5_sixth_50000_275683.jpg,0,0,1,0,2,0
emotionet_5_sixth_50000_275684.jpg,1,0,1,2,2,0
emotionet_5_sixth_50000_275695.jpg,1,0,1,5,2,0
emotionet_5_sixth_50000_275778.jpg,0,0,0,1,1,0
emotionet_5_sixth_50000_275805.jpg,0,0,1,1,2,0
emotionet_5_sixth_50000_275937.jpg,1,0,0,5,2,0
emotionet_5_sixth_50000_275942.jpg,0,0,0,1,2,0
emotionet_5_sixth_50000_275945.jpg,1,0,1,2,2,0
emotionet_5_sixth_50000_275994.jpg,0,0,1,2,1,0
emotionet_5_sixth_50000_275998.JPG,0,0,0,8,3,0
emotionet_5_sixth_50000_276027.jpg,1,0,0,0,2,0
emotionet_5_sixth_50000_276031.jpg,0,0,0,1,3,0
emotionet_5_sixth_50000_276036.jpg,1,0,0,5,2,0
emotionet_5_sixth_50000_276038.jpg,0,0,0,1,1,0
emotionet_5_sixth_50000_276043.jpg,0,0,0,0,2,0
emotionet_5_sixth_50000_276044.jpg,0,0,0,0,2,0
emotionet_5_sixth_50000_276155.jpg,1,0,0,2,2,0
emotionet_5_sixth_50000_276167.jpg,0,0,0,0,2,0
emotionet_5_sixth_50000_276169.jpg,0,0,0,0,2,0
emotionet_5_sixth_50000_276174.JPG,1,0,0,2,2,0
emotionet_5_sixth_50000_276202.jpg,0,0,0,8,3,0
emotionet_5_sixth_50000_276205.jpg,0,0,0,1,2,0
emotionet_5_sixth_50000_276242.jpg,0,0,0,2,2,0
emotionet_5_sixth_50000_276268.jpg,0,0,0,3,2,0
emotionet_5_sixth_50000_276270.jpg,0,0,0,3,2,0
emotionet_5_sixth_50000_276293.jpg,0,0,0,0,2,0
emotionet_5_sixth_50000_276326.jpg,0,0,0,1,2,0
emotionet_5_sixth_50000_276328.jpg,0,0,0,0,1,0
emotionet_5_sixth_50000_276353.jpg,1,0,0,0,2,0
emotionet_5_sixth_50000_276354.jpg,0,0,0,3,2,0
emotionet_5_sixth_50000_276382.jpg,0,0,0,1,2,0
emotionet_5_sixth_50000_276385.jpg,0,0,0,1,2,0
emotionet_5_sixth_50000_276450.jpg,0,0,0,6,2,0
emotionet_5_sixth_50000_276481.jpg,0,0,0,0,2,0
emotionet_5_sixth_50000_276501.jpg,0,0,0,1,2,0
emotionet_5_sixth_50000_276616.jpg,1,0,0,4,2,0
emotionet_5_sixth_50000_276618.jpg,0,0,0,4,2,0
emotionet_5_sixth_50000_276780.jpg,0,0,0,0,2,0
emotionet_5_sixth_50000_276791.jpg,0,0,1,0,2,0
emotionet_5_sixth_50000_276798.jpg,0,0,1,1,2,0
emotionet_5_sixth_50000_276822.jpg,0,0,0,2,2,0
emotionet_5_sixth_50000_276834.jpg,0,0,0,0,2,0
emotionet_5_sixth_50000_276836.JPG,0,0,0,1,2,0
emotionet_5_sixth_50000_276850.jpg,0,0,0,0,2,0
emotionet_5_sixth_50000_276997.jpg,0,0,0,1,2,0
emotionet_5_sixth_50000_277023.jpg,0,0,0,0,0,1
emotionet_5_sixth_50000_277024.jpg,1,0,1,0,2,0
emotionet_5_sixth_50000_277035.jpg,0,0,0,1,2,0
emotionet_5_sixth_50000_277058.jpg,0,0,0,0,2,0
emotionet_5_sixth_50000_277089.jpg,0,0,0,0,2,0
emotionet_5_sixth_50000_277206.jpg,0,0,0,0,2,0
emotionet_5_sixth_50000_277210.jpg,0,0,0,0,2,0
emotionet_5_sixth_50000_277217.jpg,0,0,0,0,2,0
emotionet_5_sixth_50000_277265.jpg,1,0,1,2,2,0
emotionet_5_sixth_50000_277322.jpg,0,0,0,0,2,0
emotionet_5_sixth_50000_277336.jpeg,0,0,0,1,2,0
emotionet_5_sixth_50000_277346.jpg,0,0,0,1,2,0
emotionet_5_sixth_50000_277388.jpg,0,0,0,1,2,0
emotionet_5_sixth_50000_277397.jpg,0,0,0,0,2,0
emotionet_5_sixth_50000_277402.jpg,0,0,0,1,2,0
emotionet_5_sixth_50000_277430.jpg,0,0,0,3,3,0
emotionet_5_sixth_50000_277439.jpg,0,0,0,0,2,0
emotionet_5_sixth_50000_277485.jpg,0,0,0,0,2,0
emotionet_5_sixth_50000_277493.jpg,0,0,0,8,3,0
emotionet_5_sixth_50000_277494.jpg,0,0,0,1,2,0
emotionet_5_sixth_50000_277513.jpg,1,0,1,1,2,0
emotionet_5_sixth_50000_277514.jpg,1,0,1,1,1,0
emotionet_5_sixth_50000_277568.jpg,0,0,0,0,2,0
emotionet_5_sixth_50000_277570.jpg,1,0,0,2,1,0
emotionet_5_sixth_50000_277671.jpg,1,0,0,0,1,0
emotionet_5_sixth_50000_277672.jpeg,0,0,0,0,0,1
emotionet_5_sixth_50000_277715.jpg,1,0,0,2,2,0
emotionet_5_sixth_50000_277720.jpg,1,0,1,2,1,0
emotionet_5_sixth_50000_277743.jpg,1,0,0,2,2,0
emotionet_5_sixth_50000_277752.jpg,1,0,0,2,1,0
emotionet_5_sixth_50000_277783.jpg,1,0,0,1,2,0
emotionet_5_sixth_50000_277784.jpg,0,0,0,2,2,0
emotionet_5_sixth_50000_277792.jpg,1,0,0,1,2,0
emotionet_5_sixth_50000_277826.jpg,0,0,0,3,2,0
emotionet_5_sixth_50000_277839.jpg,1,0,1,4,2,0
emotionet_5_sixth_50000_277870.jpg,0,0,0,8,0,0
emotionet_5_sixth_50000_277893.jpg,1,0,0,1,1,0
emotionet_5_sixth_50000_277913.jpg,1,0,0,0,2,0
emotionet_5_sixth_50000_277914.jpg,1,0,0,0,2,0
emotionet_5_sixth_50000_278049.jpg,0,0,0,2,2,0
emotionet_5_sixth_50000_278063.jpg,1,0,0,1,2,0
emotionet_5_sixth_50000_278072.jpg,1,0,0,2,2,0
emotionet_5_sixth_50000_278075.jpg,1,0,0,2,2,0
emotionet_5_sixth_50000_278098.jpg,1,0,0,4,2,0
emotionet_5_sixth_50000_278111.jpg,1,0,1,2,1,0
emotionet_5_sixth_50000_278123.jpg,1,0,0,1,2,0
emotionet_5_sixth_50000_278124.jpg,1,0,0,0,2,0
emotionet_5_sixth_50000_278187.jpeg,0,0,0,0,2,0
emotionet_5_sixth_50000_278189.jpg,1,0,0,0,2,0
emotionet_5_sixth_50000_278246.jpg,0,0,1,1,2,0
emotionet_5_sixth_50000_278248.jpg,1,0,0,2,2,0
emotionet_5_sixth_50000_278250.jpg,1,0,1,2,2,0
emotionet_5_sixth_50000_278297.jpg,1,0,0,1,2,0
emotionet_5_sixth_50000_278299.jpg,0,0,0,1,2,0
emotionet_5_sixth_50000_278376.JPG,1,0,0,5,0,0
emotionet_5_sixth_50000_278402.jpg,1,0,0,0,2,0
emotionet_5_sixth_50000_278413.jpg,0,0,0,0,0,1
emotionet_5_sixth_50000_278414.jpg,1,0,0,2,2,0
emotionet_5_sixth_50000_278534.jpeg,0,0,1,2,2,0
emotionet_5_sixth_50000_278537.jpg,1,0,0,1,2,0
emotionet_5_sixth_50000_278539.jpg,1,0,1,2,2,0
emotionet_5_sixth_50000_278542.jpg,1,0,1,2,2,0
emotionet_5_sixth_50000_278545.jpg,0,0,0,0,2,0
emotionet_5_sixth_50000_278570.jpg,0,0,0,0,0,1
emotionet_5_sixth_50000_278593.jpg,0,0,0,0,2,0
emotionet_5_sixth_50000_278594.jpg,0,0,0,0,0,1
emotionet_5_sixth_50000_278620.jpg,0,0,0,2,2,0
emotionet_5_sixth_50000_278629.jpg,0,0,0,0,0,1
emotionet_5_sixth_50000_278631.jpg,0,0,0,1,2,0
emotionet_5_sixth_50000_278652.jpg,0,0,0,0,0,1
emotionet_5_sixth_50000_278655.jpg,0,0,0,0,0,1
emotionet_5_sixth_50000_278667.jpg,0,0,1,1,2,0
emotionet_5_sixth_50000_278683.jpg,0,0,0,1,3,0
emotionet_5_sixth_50000_278684.jpg,0,0,0,0,0,1
emotionet_5_sixth_50000_278769.jpg,1,0,1,2,2,0
emotionet_5_sixth_50000_278776.jpg,1,0,1,2,2,0
emotionet_5_sixth_50000_278778.jpg,0,0,1,0,2,0
emotionet_5_sixth_50000_278813.jpg,0,0,2,2,2,0
emotionet_5_sixth_50000_278814.jpg,0,0,0,0,2,0
emotionet_5_sixth_50000_278861.jpg,1,0,0,1,2,0
emotionet_5_sixth_50000_278902.jpg,1,0,0,5,1,0
emotionet_5_sixth_50000_278937.jpg,0,0,0,1,2,0
emotionet_5_sixth_50000_278954.jpg,1,0,0,1,2,0
emotionet_5_sixth_50000_278994.jpg,0,0,1,1,2,0
emotionet_5_sixth_50000_279060.jpg,1,0,0,2,2,0
emotionet_5_sixth_50000_279069.jpg,0,0,1,1,1,0
emotionet_5_sixth_50000_279129.jpg,0,0,0,0,0,1
emotionet_5_sixth_50000_279136.jpg,1,0,0,0,2,0
emotionet_5_sixth_50000_279184.jpg,0,0,0,1,2,0
emotionet_5_sixth_50000_279188.JPG,0,0,0,0,2,0
emotionet_5_sixth_50000_279192.jpg,0,0,0,0,2,0
emotionet_5_sixth_50000_279195.jpg,1,0,0,1,2,0
emotionet_5_sixth_50000_279221.jpg,1,0,1,2,2,0
emotionet_5_sixth_50000_279228.jpg,1,0,1,2,1,0
emotionet_5_sixth_50000_279242.jpg,1,0,0,1,2,0
emotionet_5_sixth_50000_279285.jpg,0,0,0,0,2,0
emotionet_5_sixth_50000_279293.jpg,0,0,0,0,2,0
emotionet_5_sixth_50000_279305.jpg,1,0,0,8,3,0
emotionet_5_sixth_50000_279330.jpg,0,0,0,3,2,0
emotionet_5_sixth_50000_279366.jpg,0,0,0,0,0,1
emotionet_5_sixth_50000_279370.jpg,1,0,1,4,2,0
emotionet_5_sixth_50000_279377.jpg,1,0,1,2,2,0
emotionet_5_sixth_50000_279379.jpg,0,0,2,3,2,0
emotionet_5_sixth_50000_279401.jpg,0,0,0,3,3,0
emotionet_5_sixth_50000_279406.jpg,1,0,0,2,2,0
emotionet_5_sixth_50000_279474.jpg,1,0,0,2,2,0
emotionet_5_sixth_50000_279522.jpg,1,0,0,1,2,0
emotionet_5_sixth_50000_279525.jpg,1,0,0,3,2,0
emotionet_5_sixth_50000_279559.jpg,1,0,0,2,2,0
emotionet_5_sixth_50000_279586.jpg,1,0,0,1,1,0
emotionet_5_sixth_50000_279588.jpg,0,0,0,1,1,0
emotionet_5_sixth_50000_279609.jpg,0,0,0,1,2,0
emotionet_5_sixth_50000_279640.jpg,0,0,1,0,2,0
emotionet_5_sixth_50000_279647.jpg,0,0,1,2,1,0
emotionet_5_sixth_50000_279649.jpg,0,0,1,0,1,0
emotionet_5_sixth_50000_279707.jpg,1,0,0,0,2,0
emotionet_5_sixth_50000_279716.jpg,1,0,0,2,1,0
emotionet_5_sixth_50000_279763.jpg,1,0,0,0,2,0
emotionet_5_sixth_50000_279764.jpg,1,0,0,1,2,0
emotionet_5_sixth_50000_279780.jpg,1,0,0,5,2,0
emotionet_5_sixth_50000_279801.jpg,0,0,0,1,2,0
emotionet_5_sixth_50000_279806.jpg,0,0,0,1,2,0
emotionet_5_sixth_50000_279808.jpg,0,0,0,0,0,1
emotionet_5_sixth_50000_279873.jpg,1,0,0,8,3,0
emotionet_5_sixth_50000_279874.jpg,0,0,0,1,3,0
emotionet_5_sixth_50000_279922.jpg,1,0,0,3,2,0
emotionet_5_sixth_50000_279925.jpg,1,0,0,2,2,0
emotionet_5_sixth_50000_279946.jpg,1,0,0,1,2,0
emotionet_5_sixth_50000_279950.jpg,0,0,1,2,2,0
emotionet_5_sixth_50000_279986.jpg,1,0,0,3,2,0
emotionet_5_sixth_50000_279997.jpg,0,0,0,3,2,0
emotionet_5_sixth_50000_280002.JPG,0,0,0,1,2,0
emotionet_5_sixth_50000_280007.jpg,0,0,0,0,0,1
emotionet_5_sixth_50000_280011.jpg,0,0,0,1,2,0
emotionet_5_sixth_50000_280018.jpg,0,0,0,1,2,0
emotionet_5_sixth_50000_280124.jpg,0,0,0,3,2,0
emotionet_5_sixth_50000_280132.jpg,0,0,0,1,2,0
emotionet_5_sixth_50000_280135.jpg,1,0,0,1,2,0
emotionet_5_sixth_50000_280191.jpg,1,0,0,1,2,0
emotionet_5_sixth_50000_280198.jpg,0,0,0,2,2,0
emotionet_5_sixth_50000_280225.jpg,0,0,0,1,2,0
emotionet_5_sixth_50000_280234.jpg,1,0,0,2,2,0
emotionet_5_sixth_50000_280259.jpg,0,0,0,2,2,0
emotionet_5_sixth_50000_280288.jpg,1,0,1,2,2,0
emotionet_5_sixth_50000_280346.jpg,1,0,0,8,0,0
emotionet_5_sixth_50000_280430.jpg,0,0,0,1,2,0
emotionet_5_sixth_50000_280521.jpg,0,0,0,2,1,0
emotionet_5_sixth_50000_280526.jpg,0,0,0,6,2,0
emotionet_5_sixth_50000_280545.jpg,0,0,0,0,0,1
emotionet_5_sixth_50000_280593.jpg,0,0,0,0,0,1
emotionet_5_sixth_50000_280629.jpg,1,0,0,0,2,0
emotionet_5_sixth_50000_280631.jpg,0,0,0,1,2,0
emotionet_5_sixth_50000_280636.jpg,0,0,0,3,2,0
emotionet_5_sixth_50000_280638.jpg,0,0,0,0,2,0
emotionet_5_sixth_50000_280643.jpg,0,0,0,4,2,0
emotionet_5_sixth_50000_280683.jpg,1,0,0,0,2,0
emotionet_5_sixth_50000_280684.jpg,1,0,0,3,2,0
emotionet_5_sixth_50000_280692.jpg,1,0,0,0,2,0
emotionet_5_sixth_50000_280695.jpg,0,0,0,0,2,0
emotionet_5_sixth_50000_280712.jpg,0,0,0,0,2,0
emotionet_5_sixth_50000_280715.jpg,0,0,0,3,2,0
emotionet_5_sixth_50000_280760.jpg,0,0,0,1,2,0
emotionet_5_sixth_50000_280767.jpg,0,0,0,3,2,0
emotionet_5_sixth_50000_280769.jpg,0,0,0,4,2,0
emotionet_5_sixth_50000_280771.jpg,0,0,0,0,3,0
emotionet_5_sixth_50000_280802.jpg,0,0,0,0,0,1
emotionet_5_sixth_50000_280805.jpg,0,0,0,1,2,0
emotionet_5_sixth_50000_280868.jpg,1,0,0,0,2,0
emotionet_5_sixth_50000_280870.jpg,0,0,0,1,2,0
emotionet_5_sixth_50000_280926.jpg,0,0,0,0,2,0
emotionet_5_sixth_50000_280982.jpg,0,0,0,3,2,0
emotionet_5_sixth_50000_280985.jpg,0,0,0,0,2,0
emotionet_5_sixth_50000_281003.jpg,1,0,0,0,2,0
emotionet_5_sixth_50000_281004.jpg,1,0,1,0,2,0
emotionet_5_sixth_50000_281015.jpg,1,0,0,3,2,0
emotionet_5_sixth_50000_281069.jpg,0,0,0,0,0,1
emotionet_5_sixth_50000_281120.jpg,1,0,0,2,2,0
emotionet_5_sixth_50000_281129.jpg,0,0,0,1,2,0
emotionet_5_sixth_50000_281131.jpg,0,0,0,0,2,0
emotionet_5_sixth_50000_281226.jpg,1,0,0,3,2,0
emotionet_5_sixth_50000_281242.jpg,1,0,0,8,3,0
emotionet_5_sixth_50000_281314.jpg,0,0,1,0,2,0
emotionet_5_sixth_50000_281410.jpg,0,0,0,4,2,0
emotionet_5_sixth_50000_281462.jpg,0,0,0,1,3,0
emotionet_5_sixth_50000_281465.jpg,0,0,0,0,2,0
emotionet_5_sixth_50000_281474.jpg,0,0,0,1,2,0
emotionet_5_sixth_50000_281506.jpg,0,0,0,0,0,1
emotionet_5_sixth_50000_281533.jpg,0,0,0,3,2,0
emotionet_5_sixth_50000_281534.jpg,0,0,0,0,2,0
emotionet_5_sixth_50000_281546.jpg,0,0,0,0,2,0
emotionet_5_sixth_50000_281548.jpg,0,0,0,0,2,0
emotionet_5_sixth_50000_281550.jpg,0,0,0,0,3,0
emotionet_5_sixth_50000_281623.jpg,1,0,0,3,2,0
emotionet_5_sixth_50000_281651.jpg,0,0,0,1,2,0
emotionet_5_sixth_50000_281680.jpg,0,0,0,2,2,0
emotionet_5_sixth_50000_281696.jpg,1,0,0,2,2,0
emotionet_5_sixth_50000_281700.jpg,0,0,0,0,2,0
emotionet_5_sixth_50000_281707.jpg,1,0,0,0,2,0
emotionet_5_sixth_50000_281709.jpg,0,0,0,3,2,0
emotionet_5_sixth_50000_281764.jpg,0,0,0,4,2,0
emotionet_5_sixth_50000_281775.jpg,0,0,0,0,2,0
emotionet_5_sixth_50000_281806.jpg,0,0,0,0,2,0
emotionet_5_sixth_50000_281850.jpg,0,0,0,0,3,0
emotionet_5_sixth_50000_281862.jpg,0,0,0,3,3,0
emotionet_5_sixth_50000_281902.jpeg,0,0,0,2,2,0
emotionet_5_sixth_50000_281933.jpg,0,0,0,1,2,0
emotionet_5_sixth_50000_281934.jpg,0,0,0,0,2,0
emotionet_5_sixth_50000_281946.jpg,0,0,0,0,0,1
emotionet_5_sixth_50000_281948.jpg,1,0,0,0,2,0
emotionet_5_sixth_50000_282040.jpg,0,0,0,0,2,0
emotionet_5_sixth_50000_282058.jpg,1,0,0,2,1,0
emotionet_5_sixth_50000_282072.jpg,0,0,0,1,2,0
emotionet_5_sixth_50000_282096.jpg,0,0,0,3,2,0
emotionet_5_sixth_50000_282163.jpg,0,0,0,0,2,0
emotionet_5_sixth_50000_282164.jpg,1,0,0,0,2,0
emotionet_5_sixth_50000_282208.jpg,1,0,0,2,2,0
emotionet_5_sixth_50000_282274.jpg,0,0,0,0,0,1
emotionet_5_sixth_50000_282325.jpg,1,0,1,2,2,0
emotionet_5_sixth_50000_282350.jpg,0,0,0,1,2,0
emotionet_5_sixth_50000_282357.jpg,0,0,0,4,2,0
emotionet_5_sixth_50000_282359.jpg,0,0,0,0,0,1
emotionet_5_sixth_50000_282381.jpg,0,0,0,3,2,0
emotionet_5_sixth_50000_282421.jpg,1,0,1,5,2,0
emotionet_5_sixth_50000_282485.jpg,1,0,0,2,1,0
emotionet_5_sixth_50000_282494.jpg,1,0,0,8,3,0
emotionet_5_sixth_50000_282502.jpg,0,0,0,1,2,0
emotionet_5_sixth_50000_282505.jpg,0,0,0,2,2,0
emotionet_5_sixth_50000_282561.jpg,1,0,0,1,2,0
emotionet_5_sixth_50000_282577.jpg,0,0,0,0,0,1
emotionet_5_sixth_50000_282579.jpg,0,0,0,3,2,0
emotionet_5_sixth_50000_282660.jpg,1,0,1,0,2,0
emotionet_5_sixth_50000_282736.jpg,0,0,0,0,1,0
emotionet_5_sixth_50000_282826.jpg,1,0,0,8,0,0
emotionet_5_sixth_50000_282828.jpg,1,0,0,0,2,0
emotionet_5_sixth_50000_282853.jpg,0,0,0,3,2,0
emotionet_5_sixth_50000_282861.jpg,0,0,0,0,3,0
emotionet_5_sixth_50000_282939.jpg,0,0,0,2,2,0
emotionet_5_sixth_50000_283020.jpg,0,0,1,1,1,0
emotionet_5_sixth_50000_283024.jpeg,0,0,0,0,3,0
emotionet_5_sixth_50000_283036.jpg,0,0,0,2,2,0
emotionet_5_sixth_50000_283052.jpg,1,0,0,1,2,0
emotionet_5_sixth_50000_283055.jpg,0,0,0,0,2,0
emotionet_5_sixth_50000_283083.jpg,0,0,1,4,2,0
emotionet_5_sixth_50000_283084.jpg,1,0,0,2,2,0
emotionet_5_sixth_50000_283178.jpg,0,0,1,1,3,0
emotionet_5_sixth_50000_283195.jpg,0,0,0,0,0,1
emotionet_5_sixth_50000_283266.jpg,0,0,0,1,3,0
emotionet_5_sixth_50000_283268.jpg,1,0,1,0,2,0
emotionet_5_sixth_50000_283279.jpg,0,0,0,3,2,0
emotionet_5_sixth_50000_283282.jpg,0,0,0,0,2,0
emotionet_5_sixth_50000_283336.jpeg,1,0,0,3,2,0
emotionet_5_sixth_50000_283358.jpeg,0,0,0,0,2,0
emotionet_5_sixth_50000_283365.jpeg,0,0,0,0,2,0
emotionet_5_sixth_50000_283433.jpg,1,0,1,5,1,0
emotionet_5_sixth_50000_283441.jpg,1,0,1,2,2,0
emotionet_5_sixth_50000_283450.jpg,1,0,0,3,2,0
emotionet_5_sixth_50000_283486.jpg,0,0,0,1,2,0
emotionet_5_sixth_50000_283490.jpg,0,0,0,3,2,0
emotionet_5_sixth_50000_283497.jpg,0,0,0,0,0,1
emotionet_5_sixth_50000_283499.jpg,1,0,0,4,2,0
emotionet_5_sixth_50000_283517.jpg,0,0,0,3,2,0
emotionet_5_sixth_50000_283632.jpg,0,0,1,1,1,0
emotionet_5_sixth_50000_283672.jpg,0,0,0,0,2,0
emotionet_5_sixth_50000_283751.jpg,0,0,0,1,2,0
emotionet_5_sixth_50000_283756.jpg,0,0,0,1,3,0
emotionet_5_sixth_50000_283758.jpg,0,0,0,1,2,0
emotionet_5_sixth_50000_283780.jpg,0,0,0,1,2,0
emotionet_5_sixth_50000_283787.jpg,0,0,0,0,0,1
emotionet_5_sixth_50000_283789.jpg,0,0,0,0,0,1
emotionet_5_sixth_50000_283796.jpg,1,0,0,2,2,0
emotionet_5_sixth_50000_283833.jpg,0,0,1,2,1,0
emotionet_5_sixth_50000_283841.jpg,1,0,0,0,2,0
emotionet_5_sixth_50000_283848.jpg,0,0,0,1,2,0
emotionet_5_sixth_50000_283859.jpg,0,0,0,0,0,1
emotionet_5_sixth_50000_283860.jpeg,1,0,0,0,2,0
emotionet_5_sixth_50000_283890.jpg,0,0,0,1,2,0
emotionet_5_sixth_50000_283965.jpg,0,0,0,6,2,0
emotionet_5_sixth_50000_284017.jpg,1,0,0,1,3,0
emotionet_5_sixth_50000_284057.jpg,0,0,0,1,2,0
emotionet_5_sixth_50000_284059.jpg,1,0,0,0,2,0
emotionet_5_sixth_50000_284090.jpg,0,0,1,1,2,0
emotionet_5_sixth_50000_284165.jpg,1,0,0,3,2,0
emotionet_5_sixth_50000_284211.jpg,0,0,1,2,2,0
emotionet_5_sixth_50000_284218.jpg,0,0,0,4,2,0
emotionet_5_sixth_50000_284264.jpg,1,0,0,0,2,0
emotionet_5_sixth_50000_284332.jpg,1,0,0,2,2,0
emotionet_5_sixth_50000_284349.jpg,1,0,0,0,2,0
emotionet_5_sixth_50000_284387.jpg,1,0,0,2,2,0
emotionet_5_sixth_50000_284444.jpg,1,0,0,1,2,0
emotionet_5_sixth_50000_284499.JPG,1,0,0,2,2,0
emotionet_5_sixth_50000_284578.jpg,0,0,0,3,2,0
emotionet_5_sixth_50000_284607.JPG,1,0,0,1,2,0
emotionet_5_sixth_50000_284613.jpg,1,0,0,1,3,0
emotionet_5_sixth_50000_284639.jpg,0,0,0,1,2,0
emotionet_5_sixth_50000_284753.jpg,0,0,0,3,2,0
emotionet_5_sixth_50000_284804.jpg,0,0,0,3,2,0
emotionet_5_sixth_50000_284829.jpg,0,0,0,1,1,0
emotionet_5_sixth_50000_284831.jpg,1,0,0,0,2,0
emotionet_5_sixth_50000_284836.jpg,1,0,0,3,2,0
emotionet_5_sixth_50000_284838.jpg,0,0,0,0,3,0
emotionet_5_sixth_50000_284843.jpg,1,0,0,8,0,0
emotionet_5_sixth_50000_284844.jpg,0,0,0,1,1,0
emotionet_5_sixth_50000_284852.jpg,0,0,0,8,0,0
emotionet_5_sixth_50000_284883.jpg,0,0,0,3,2,0
emotionet_5_sixth_50000_284892.jpg,1,0,0,0,2,0
emotionet_5_sixth_50000_284912.jpg,0,0,0,3,2,0
emotionet_5_sixth_50000_284915.jpg,0,0,0,0,2,0
emotionet_5_sixth_50000_284960.jpg,0,0,0,0,0,1
emotionet_5_sixth_50000_284976.jpg,0,0,0,0,0,1
emotionet_5_sixth_50000_284979.jpeg,0,0,0,2,3,0
emotionet_5_sixth_50000_285030.jpg,0,0,0,1,2,0
emotionet_5_sixth_50000_285053.jpg,1,0,0,1,2,0
emotionet_5_sixth_50000_285079.jpg,0,0,0,0,2,0
emotionet_5_sixth_50000_285082.jpg,0,0,0,3,2,0
emotionet_5_sixth_50000_285114.jpg,0,0,0,1,2,0
emotionet_5_sixth_50000_285121.jpg,1,0,1,2,2,0
emotionet_5_sixth_50000_285161.jpg,0,0,0,1,2,0
emotionet_5_sixth_50000_285278.jpg,0,0,0,0,0,1
emotionet_5_sixth_50000_285327.jpg,0,0,0,3,2,0
emotionet_5_sixth_50000_285329.jpg,0,0,0,0,3,0
emotionet_5_sixth_50000_285338.jpg,0,0,0,3,2,0
emotionet_5_sixth_50000_285344.jpg,0,0,0,0,2,0
emotionet_5_sixth_50000_285352.jpg,0,0,0,0,2,0
emotionet_5_sixth_50000_285460.jpeg,0,0,0,3,2,0
emotionet_5_sixth_50000_285487.jpg,0,0,0,0,0,1
emotionet_5_sixth_50000_285500.jpg,0,0,1,1,2,0
emotionet_5_sixth_50000_285502.JPG,0,0,0,8,3,0
emotionet_5_sixth_50000_285507.jpg,0,0,0,0,2,0
emotionet_5_sixth_50000_285509.jpg,0,0,0,0,2,0
emotionet_5_sixth_50000_285591.jpg,0,0,0,3,2,0
emotionet_5_sixth_50000_285601.jpg,1,0,0,0,2,0
emotionet_5_sixth_50000_285617.jpg,0,0,0,0,2,0
emotionet_5_sixth_50000_285619.jpg,1,0,0,0,2,0
emotionet_5_sixth_50000_285741.jpg,1,0,1,0,2,0
emotionet_5_sixth_50000_285783.JPG,0,0,1,3,2,0
emotionet_5_sixth_50000_285799.jpg,1,0,0,2,2,0
emotionet_5_sixth_50000_285823.jpg,0,0,0,1,2,0
emotionet_5_sixth_50000_285824.jpg,0,0,0,1,2,0
emotionet_5_sixth_50000_285907.jpg,1,0,2,0,2,0
emotionet_5_sixth_50000_285918.jpg,0,0,0,3,2,0
emotionet_5_sixth_50000_286150.jpg,1,0,1,2,2,0
emotionet_5_sixth_50000_286197.jpg,1,0,0,2,1,0
emotionet_5_sixth_50000_286251.jpg,1,0,0,2,2,0
emotionet_5_sixth_50000_286296.jpg,1,0,0,2,1,0
emotionet_5_sixth_50000_286363.jpg,1,0,0,0,2,0
emotionet_5_sixth_50000_286364.jpg,1,0,0,3,2,0
emotionet_5_sixth_50000_286406.JPG,1,0,0,2,2,0
emotionet_5_sixth_50000_286455.jpg,0,0,0,0,0,1
emotionet_5_sixth_50000_286460.jpg,1,0,0,8,3,0
emotionet_5_sixth_50000_286467.jpg,0,0,0,1,2,0
emotionet_5_sixth_50000_286527.jpg,0,0,0,0,2,0
emotionet_5_sixth_50000_286531.jpg,1,0,0,3,3,0
emotionet_5_sixth_50000_286536.jpg,0,0,0,8,3,0
emotionet_5_sixth_50000_286543.jpg,1,0,0,3,2,0
emotionet_5_sixth_50000_286544.jpg,0,0,0,1,2,0
emotionet_5_sixth_50000_286592.jpg,1,0,0,1,2,0
emotionet_5_sixth_50000_286653.jpg,0,0,0,0,0,1
emotionet_5_sixth_50000_286654.jpg,0,0,0,1,2,0
emotionet_5_sixth_50000_286682.jpg,0,0,0,2,2,0
emotionet_5_sixth_50000_286705.jpg,0,0,0,3,2,0
emotionet_5_sixth_50000_286742.jpg,1,0,0,2,2,0
emotionet_5_sixth_50000_286770.jpg,1,0,1,2,1,0
emotionet_5_sixth_50000_286777.jpg,0,0,1,8,3,0
emotionet_5_sixth_50000_286779.jpg,0,0,0,0,0,1
emotionet_5_sixth_50000_286793.jpg,0,0,0,3,2,0
emotionet_5_sixth_50000_286812.jpg,0,0,0,1,3,0
emotionet_5_sixth_50000_286815.jpg,0,0,0,0,0,1
emotionet_5_sixth_50000_286827.jpg,0,0,0,2,2,0
emotionet_5_sixth_50000_286871.jpg,1,0,1,0,2,0
emotionet_5_sixth_50000_286929.jpg,0,0,0,0,0,1
emotionet_5_sixth_50000_286936.jpg,0,0,0,3,2,0
emotionet_5_sixth_50000_286938.jpg,0,0,0,4,2,0
emotionet_5_sixth_50000_286943.jpg,0,0,0,0,2,0
emotionet_5_sixth_50000_286944.jpg,0,0,1,1,2,0
emotionet_5_sixth_50000_286990.JPG,0,0,1,1,2,0
emotionet_5_sixth_50000_286992.jpg,0,0,0,0,0,1
emotionet_5_sixth_50000_286995.jpg,0,0,0,0,0,1
emotionet_5_sixth_50000_287013.jpg,0,0,0,0,0,1
emotionet_5_sixth_50000_287061.jpg,0,0,0,3,2,0
emotionet_5_sixth_50000_287068.jpg,0,0,0,3,3,0
emotionet_5_sixth_50000_287070.jpg,1,0,0,1,1,0
emotionet_5_sixth_50000_287102.jpg,1,0,0,2,2,0
emotionet_5_sixth_50000_287145.jpg,0,0,0,8,3,0
emotionet_5_sixth_50000_287185.jpg,0,0,0,0,2,0
emotionet_5_sixth_50000_287227.jpg,0,0,0,1,2,0
emotionet_5_sixth_50000_287229.jpg,0,0,0,1,2,0
emotionet_5_sixth_50000_287303.jpg,0,0,0,0,0,1
emotionet_5_sixth_50000_287304.jpg,0,0,0,0,2,0
emotionet_5_sixth_50000_287317.JPG,1,0,0,8,0,0
emotionet_5_sixth_50000_287371.jpg,0,0,1,1,1,0
emotionet_5_sixth_50000_287411.jpg,0,0,0,0,0,1
emotionet_5_sixth_50000_287472.jpg,1,0,0,2,2,0
emotionet_5_sixth_50000_287475.jpg,0,0,0,3,2,0
emotionet_5_sixth_50000_287523.jpg,0,0,0,3,2,0
emotionet_5_sixth_50000_287530.JPG,0,0,0,1,2,0
emotionet_5_sixth_50000_287535.jpg,0,0,0,5,2,0
emotionet_5_sixth_50000_287643.jpeg,0,0,0,0,2,0
emotionet_5_sixth_50000_287646.jpg,0,0,0,0,0,1
emotionet_5_sixth_50000_287648.jpg,0,0,0,0,2,0
emotionet_5_sixth_50000_287659.jpg,1,0,0,1,1,0
emotionet_5_sixth_50000_287706.jpg,0,0,0,2,2,0
emotionet_5_sixth_50000_287762.jpg,1,0,0,1,2,0
emotionet_5_sixth_50000_287765.jpg,0,0,0,0,2,0
emotionet_5_sixth_50000_287800.jpg,0,0,0,0,2,0
emotionet_5_sixth_50000_287807.jpg,0,0,1,0,2,0
emotionet_5_sixth_50000_287849.jpg,0,0,0,0,2,0
emotionet_5_sixth_50000_287947.jpg,0,0,1,0,2,0
emotionet_5_sixth_50000_287989.jpg,0,0,1,2,2,0
emotionet_5_sixth_50000_288026.jpg,0,0,0,0,0,1
emotionet_5_sixth_50000_288161.jpg,1,0,1,2,3,0
emotionet_5_sixth_50000_288168.jpg,0,0,0,3,2,0
emotionet_5_sixth_50000_288203.jpg,1,0,0,0,2,0
emotionet_5_sixth_50000_288204.jpg,0,0,0,1,2,0
emotionet_5_sixth_50000_288215.jpg,0,0,0,0,0,1
emotionet_5_sixth_50000_288265.JPG,0,0,0,0,2,0
emotionet_5_sixth_50000_288327.jpg,0,0,0,1,2,0
emotionet_5_sixth_50000_288329.jpg,1,0,1,2,2,0
emotionet_5_sixth_50000_288348.JPG,0,0,0,1,2,0
emotionet_5_sixth_50000_288383.jpg,1,0,0,2,1,0
emotionet_5_sixth_50000_288423.jpg,0,0,0,3,2,0
emotionet_5_sixth_50000_288424.jpg,0,0,0,0,0,1
emotionet_5_sixth_50000_288451.jpg,1,0,1,0,2,0
emotionet_5_sixth_50000_288500.jpg,1,0,1,0,2,0
emotionet_5_sixth_50000_288549.jpg,1,0,0,2,3,0
emotionet_5_sixth_50000_288572.jpg,0,0,0,0,0,1
emotionet_5_sixth_50000_288575.jpg,1,0,1,5,2,0
emotionet_5_sixth_50000_288598.jpg,1,0,0,2,2,0
emotionet_5_sixth_50000_288608.jpg,0,0,1,0,2,0
emotionet_5_sixth_50000_288610.jpg,1,0,1,2,2,0
emotionet_5_sixth_50000_288613.jpeg,1,0,0,2,2,0
emotionet_5_sixth_50000_288619.jpg,0,0,0,0,2,0
emotionet_5_sixth_50000_288674.jpg,1,0,0,1,2,0
emotionet_5_sixth_50000_288706.jpg,1,0,0,2,1,0
emotionet_5_sixth_50000_288734.jpg,1,0,1,2,2,0
emotionet_5_sixth_50000_288741.jpg,1,0,0,2,2,0
emotionet_5_sixth_50000_288746.jpg,0,0,0,0,0,1
emotionet_5_sixth_50000_288750.jpg,1,0,0,2,2,0
emotionet_5_sixth_50000_288790.jpg,1,0,0,1,2,0
emotionet_5_sixth_50000_288823.jpg,0,0,0,2,2,0
emotionet_5_sixth_50000_288851.jpg,0,0,0,5,2,0
emotionet_5_sixth_50000_288880.jpg,0,0,0,0,0,1
emotionet_5_sixth_50000_288909.jpg,1,0,0,4,2,0
emotionet_5_sixth_50000_288911.jpg,0,0,0,0,0,1
emotionet_5_sixth_50000_288972.jpg,0,0,0,1,2,0
emotionet_5_sixth_50000_288975.jpg,0,0,0,3,2,0
emotionet_5_sixth_50000_289022.jpg,0,0,0,1,1,0
emotionet_5_sixth_50000_289025.jpg,1,0,0,2,2,0
emotionet_5_sixth_50000_289034.jpg,0,0,0,1,2,0
emotionet_5_sixth_50000_289048.jpg,0,0,0,1,3,0
emotionet_5_sixth_50000_289050.jpg,0,0,0,0,0,1
emotionet_5_sixth_50000_289059.jpg,0,0,0,0,2,0
emotionet_5_sixth_50000_289101.jpg,0,0,0,0,3,0
emotionet_5_sixth_50000_289108.jpg,0,0,0,0,2,0
emotionet_5_sixth_50000_289110.jpg,1,0,0,2,3,0
emotionet_5_sixth_50000_289174.jpg,0,0,0,1,3,0
emotionet_5_sixth_50000_289207.jpg,0,0,0,1,2,0
emotionet_5_sixth_50000_289211.jpg,0,0,0,4,2,0
emotionet_5_sixth_50000_289218.jpg,0,0,0,1,2,0
emotionet_5_sixth_50000_289280.jpg,0,0,0,0,2,0
emotionet_5_sixth_50000_289294.JPG,1,0,0,2,1,0
emotionet_5_sixth_50000_289323.jpg,0,0,0,1,2,0
emotionet_5_sixth_50000_289391.jpg,0,0,0,2,2,0
emotionet_5_sixth_50000_289396.jpg,0,0,0,0,0,1
emotionet_5_sixth_50000_289398.jpg,0,0,0,8,0,0
emotionet_5_sixth_50000_289495.jpg,0,0,0,1,2,0
emotionet_5_sixth_50000_289512.jpg,0,0,0,0,0,1
emotionet_5_sixth_50000_289515.jpg,0,0,0,1,2,0
emotionet_5_sixth_50000_289560.jpg,1,0,0,1,2,0
emotionet_5_sixth_50000_289602.jpg,0,0,0,0,0,1
emotionet_5_sixth_50000_289605.jpg,1,0,0,0,2,0
emotionet_5_sixth_50000_289611.JPG,0,0,1,2,1,0
emotionet_5_sixth_50000_289630.jpg,1,0,0,2,2,0
emotionet_5_sixth_50000_289677.jpg,0,0,0,1,2,0
emotionet_5_sixth_50000_289721.jpg,0,0,0,2,3,0
emotionet_5_sixth_50000_289742.jpg,0,0,1,1,2,0
emotionet_5_sixth_50000_289754.jpg,0,0,0,1,2,0
emotionet_5_sixth_50000_289793.jpg,0,0,0,1,3,0
emotionet_5_sixth_50000_289843.jpg,1,0,0,2,2,0
emotionet_5_sixth_50000_289844.jpg,0,0,1,1,2,0
emotionet_5_sixth_50000_289892.jpg,0,0,0,1,2,0
emotionet_5_sixth_50000_289912.jpg,1,0,0,1,2,0
emotionet_5_sixth_50000_289955.jpg,0,0,0,0,0,1
emotionet_5_sixth_50000_289969.jpg,0,0,0,0,3,0
emotionet_5_sixth_50000_289978.jpg,0,0,0,0,3,0
emotionet_5_sixth_50000_289984.jpg,0,0,0,1,2,0
emotionet_5_sixth_50000_290010.jpg,1,0,0,5,2,0
emotionet_5_sixth_50000_290074.jpg,0,0,0,0,2,0
emotionet_5_sixth_50000_290122.jpg,0,0,1,1,3,0
emotionet_5_sixth_50000_290134.jpg,1,0,0,1,2,0
emotionet_5_sixth_50000_290318.jpg,0,0,0,4,2,0
emotionet_5_sixth_50000_290412.jpg,1,0,0,8,0,0
emotionet_5_sixth_50000_290415.jpg,0,0,0,1,2,0
emotionet_5_sixth_50000_290469.jpg,0,0,0,0,0,1
emotionet_5_sixth_50000_290503.jpg,1,0,0,2,2,0
emotionet_5_sixth_50000_290529.jpg,1,0,1,3,2,0
emotionet_5_sixth_50000_290536.jpg,0,0,0,3,2,0
emotionet_5_sixth_50000_290538.jpg,1,0,0,7,2,0
emotionet_5_sixth_50000_290544.jpg,0,0,0,1,2,0
emotionet_5_sixth_50000_290595.jpg,1,0,1,4,2,0
emotionet_5_sixth_50000_290614.jpg,1,0,0,0,2,0
emotionet_5_sixth_50000_290628.jpg,0,0,0,3,2,0
emotionet_5_sixth_50000_290642.jpg,1,0,2,2,2,0
emotionet_5_sixth_50000_290654.jpg,1,0,1,2,1,0
emotionet_5_sixth_50000_290693.jpg,0,0,0,3,2,0
emotionet_5_sixth_50000_290766.jpg,1,0,0,5,2,0
emotionet_5_sixth_50000_290777.jpg,0,0,0,1,1,0
emotionet_5_sixth_50000_290812.jpg,0,0,0,4,2,0
emotionet_5_sixth_50000_290815.jpg,0,0,0,1,2,0
emotionet_5_sixth_50000_290829.jpg,0,0,0,0,0,1
emotionet_5_sixth_50000_290860.jpg,0,0,0,0,2,0
emotionet_5_sixth_50000_290867.jpg,0,0,0,1,2,0
emotionet_5_sixth_50000_290869.jpg,0,0,0,1,3,0
emotionet_5_sixth_50000_290884.jpg,0,0,0,1,2,0
emotionet_5_sixth_50000_290927.jpg,0,0,0,1,3,0
emotionet_5_sixth_50000_290936.jpg,0,0,0,3,3,0
emotionet_5_sixth_50000_290938.jpg,0,0,0,1,2,0
emotionet_5_sixth_50000_290944.jpg,0,0,0,0,2,0
emotionet_5_sixth_50000_290971.jpg,0,0,0,1,2,0
emotionet_5_sixth_50000_290981.JPG,0,0,0,3,2,0
emotionet_5_sixth_50000_290995.jpg,0,0,0,0,2,0
emotionet_5_sixth_50000_291002.jpg,0,0,0,0,2,0
emotionet_5_sixth_50000_291013.jpg,0,0,0,0,2,0
emotionet_5_sixth_50000_291054.jpg,0,0,0,0,0,1
emotionet_5_sixth_50000_291061.jpg,0,0,0,0,3,0
emotionet_5_sixth_50000_291085.jpg,0,0,0,1,3,0
emotionet_5_sixth_50000_291126.jpg,0,0,0,1,3,0
emotionet_5_sixth_50000_291130.jpg,0,0,0,0,2,0
emotionet_5_sixth_50000_291139.jpg,0,0,0,0,3,0
emotionet_5_sixth_50000_291142.jpg,1,0,0,0,2,0
emotionet_5_sixth_50000_291193.jpg,0,0,0,0,2,0
emotionet_5_sixth_50000_291194.jpg,0,0,0,0,2,0
emotionet_5_sixth_50000_291227.jpg,0,0,0,1,2,0
emotionet_5_sixth_50000_291229.jpg,0,0,0,1,2,0
emotionet_5_sixth_50000_291231.jpg,0,0,0,0,2,0
emotionet_5_sixth_50000_291252.jpg,0,0,0,3,2,0
emotionet_5_sixth_50000_291255.jpg,0,0,0,8,3,0
emotionet_5_sixth_50000_291283.jpg,0,0,0,3,3,0
emotionet_5_sixth_50000_291284.jpg,0,0,0,0,2,0
emotionet_5_sixth_50000_291303.jpg,0,0,0,0,2,0
emotionet_5_sixth_50000_291369.jpg,0,0,0,4,2,0
emotionet_5_sixth_50000_291371.jpg,0,0,0,3,3,0
emotionet_5_sixth_50000_291376.jpg,0,0,0,1,3,0
emotionet_5_sixth_50000_291378.jpg,0,0,0,3,2,0
emotionet_5_sixth_50000_291463.jpg,0,0,0,2,2,0
emotionet_5_sixth_50000_291511.jpg,0,0,0,1,2,0
emotionet_5_sixth_50000_291524.jpg,1,0,0,0,2,0
emotionet_5_sixth_50000_291587.jpg,1,0,1,0,2,0
emotionet_5_sixth_50000_291589.jpg,0,0,0,0,2,0
emotionet_5_sixth_50000_291596.jpg,0,0,0,0,0,1
emotionet_5_sixth_50000_291648.jpg,0,0,0,0,2,0
emotionet_5_sixth_50000_291650.jpg,0,0,0,0,2,0
emotionet_5_sixth_50000_291655.JPG,0,0,0,1,2,0
emotionet_5_sixth_50000_291657.jpg,0,0,0,0,0,1
emotionet_5_sixth_50000_291671.jpeg,1,0,0,0,2,0
emotionet_5_sixth_50000_291681.jpg,0,0,0,4,2,0
emotionet_5_sixth_50000_291690.jpg,0,0,0,8,3,0
emotionet_5_sixth_50000_291697.jpg,1,0,0,5,2,0
emotionet_5_sixth_50000_291699.jpg,0,0,0,0,2,0
emotionet_5_sixth_50000_291708.jpg,0,0,0,1,2,0
emotionet_5_sixth_50000_291717.jpg,0,0,0,0,2,0
emotionet_5_sixth_50000_291719.jpg,0,0,0,0,3,0
emotionet_5_sixth_50000_291722.jpg,0,0,0,0,2,0
emotionet_5_sixth_50000_291762.jpg,1,0,0,1,2,0
emotionet_5_sixth_50000_291807.jpg,0,0,0,0,2,0
emotionet_5_sixth_50000_291809.jpg,0,0,0,0,2,0
emotionet_5_sixth_50000_291875.jpg,0,0,0,3,2,0
emotionet_5_sixth_50000_291896.jpg,0,0,0,1,2,0
emotionet_5_sixth_50000_291923.jpg,1,0,0,4,2,0
emotionet_5_sixth_50000_291924.jpg,0,0,0,0,2,0
emotionet_5_sixth_50000_291935.jpg,0,0,0,4,2,0
emotionet_5_sixth_50000_291951.jpg,0,0,0,1,3,0
emotionet_5_sixth_50000_291980.jpg,0,0,0,8,0,0
emotionet_5_sixth_50000_291989.jpg,0,0,0,1,2,0
emotionet_5_sixth_50000_291998.jpg,1,0,0,2,2,0
emotionet_5_sixth_50000_292033.jpg,0,0,0,3,3,0
emotionet_5_sixth_50000_292050.jpg,0,0,0,3,1,0
emotionet_5_sixth_50000_292057.jpg,1,0,0,0,2,0
emotionet_5_sixth_50000_292059.jpg,0,0,0,0,2,0
emotionet_5_sixth_50000_292081.jpg,0,0,1,1,2,0
emotionet_5_sixth_50000_292086.jpg,0,0,0,1,3,0
emotionet_5_sixth_50000_292088.jpg,0,0,0,3,2,0
emotionet_5_sixth_50000_292101.jpg,0,0,0,0,2,0
emotionet_5_sixth_50000_292106.jpg,0,0,0,0,2,0
emotionet_5_sixth_50000_292108.jpg,0,0,0,8,0,0
emotionet_5_sixth_50000_292117.jpg,0,0,0,0,3,0
emotionet_5_sixth_50000_292190.jpg,0,0,0,0,0,1
emotionet_5_sixth_50000_292224.jpeg,0,0,0,4,2,0
emotionet_5_sixth_50000_292264.jpg,0,0,0,0,2,0
emotionet_5_sixth_50000_292324.jpg,1,0,0,3,2,0
emotionet_5_sixth_50000_292347.jpg,0,0,0,1,2,0
emotionet_5_sixth_50000_292349.jpg,0,0,0,3,3,0
emotionet_5_sixth_50000_292443.jpg,0,0,0,0,2,0
emotionet_5_sixth_50000_292444.jpg,0,0,0,0,2,0
emotionet_5_sixth_50000_292452.jpg,0,0,1,8,3,0
emotionet_5_sixth_50000_292455.jpg,0,0,0,1,2,0
emotionet_5_sixth_50000_292478.jpg,0,0,0,0,3,0
emotionet_5_sixth_50000_292492.jpg,0,0,0,1,2,0
emotionet_5_sixth_50000_292527.jpeg,0,0,0,1,1,0
emotionet_5_sixth_50000_292560.jpg,0,0,1,1,2,0
emotionet_5_sixth_50000_292567.jpg,0,0,0,1,2,0
emotionet_5_sixth_50000_292569.jpg,0,0,0,2,2,0
emotionet_5_sixth_50000_292670.jpg,0,0,0,1,2,0
emotionet_5_sixth_50000_292677.jpg,0,0,1,3,2,0
emotionet_5_sixth_50000_292679.jpg,0,0,1,0,2,0
emotionet_5_sixth_50000_292721.jpg,0,0,0,0,1,0
emotionet_5_sixth_50000_292739.jpg,1,0,0,2,2,0
emotionet_5_sixth_50000_292742.jpg,1,0,1,2,2,0
emotionet_5_sixth_50000_292836.jpg,0,0,0,1,2,0
emotionet_5_sixth_50000_292838.jpg,1,0,0,2,3,0
emotionet_5_sixth_50000_292844.jpg,0,0,0,1,2,0
emotionet_5_sixth_50000_292892.jpg,1,0,0,0,1,0
emotionet_5_sixth_50000_292895.jpg,1,0,2,5,3,0
emotionet_5_sixth_50000_292904.jpg,1,0,0,0,2,0
emotionet_5_sixth_50000_292912.jpg,0,0,0,2,2,0
emotionet_5_sixth_50000_292915.jpg,0,0,1,2,2,0
emotionet_5_sixth_50000_292952.jpg,0,0,0,1,2,0
emotionet_5_sixth_50000_292969.jpg,0,0,0,4,2,0
emotionet_5_sixth_50000_292983.jpg,0,0,0,0,1,0
emotionet_5_sixth_50000_293030.jpg,1,0,1,2,2,0
emotionet_5_sixth_50000_293037.jpg,0,0,0,0,2,0
emotionet_5_sixth_50000_293039.jpg,0,0,0,1,2,0
emotionet_5_sixth_50000_293042.jpg,0,0,0,0,2,0
emotionet_5_sixth_50000_293045.jpg,0,0,0,3,2,0
emotionet_5_sixth_50000_293094.jpg,1,0,0,0,3,0
emotionet_5_sixth_50000_293203.jpg,0,0,2,1,3,0
emotionet_5_sixth_50000_293212.jpg,0,0,0,2,2,0
emotionet_5_sixth_50000_293244.jpg,0,0,0,1,2,0
emotionet_5_sixth_50000_293276.jpg,0,0,0,1,3,0
emotionet_5_sixth_50000_293278.jpg,0,0,0,1,2,0
emotionet_5_sixth_50000_293327.jpg,0,0,0,2,2,0
emotionet_5_sixth_50000_293329.jpg,0,0,0,0,0,1
emotionet_5_sixth_50000_293334.JPG,1,0,1,2,2,0
emotionet_5_sixth_50000_293352.jpg,0,0,0,1,2,0
emotionet_5_sixth_50000_293355.jpg,0,0,0,1,2,0
emotionet_5_sixth_50000_293360.jpg,1,0,0,2,2,0
emotionet_5_sixth_50000_293383.jpg,1,0,0,3,2,0
emotionet_5_sixth_50000_293440.jpg,0,0,0,3,2,0
emotionet_5_sixth_50000_293445.JPG,0,0,0,0,2,0
emotionet_5_sixth_50000_293451.jpg,0,0,0,1,2,0
emotionet_5_sixth_50000_293491.jpg,0,0,0,0,2,0
emotionet_5_sixth_50000_293507.jpg,0,0,1,2,1,0
emotionet_5_sixth_50000_293563.jpg,0,0,0,0,2,0
emotionet_5_sixth_50000_293575.jpg,0,0,0,0,2,0
emotionet_5_sixth_50000_293659.jpg,0,0,0,0,2,0
emotionet_5_sixth_50000_293662.jpg,0,0,0,3,2,0
emotionet_5_sixth_50000_293682.jpeg,1,0,0,0,2,0
emotionet_5_sixth_50000_293688.jpg,1,0,1,2,2,0
emotionet_5_sixth_50000_293757.jpg,0,0,1,2,2,0
emotionet_5_sixth_50000_293799.jpg,0,0,0,1,3,0
emotionet_5_sixth_50000_293832.jpg,1,0,0,1,2,0
emotionet_5_sixth_50000_293864.jpg,0,0,0,1,2,0
emotionet_5_sixth_50000_293880.jpg,0,0,0,0,2,0
emotionet_5_sixth_50000_293889.jpg,0,0,0,1,2,0
emotionet_5_sixth_50000_293893.JPG,1,0,0,0,2,0
emotionet_5_sixth_50000_293894.JPG,1,0,1,1,2,0
emotionet_5_sixth_50000_293909.jpg,0,0,2,8,3,0
emotionet_5_sixth_50000_293911.jpg,1,0,1,2,1,0
emotionet_5_sixth_50000_293946.jpeg,1,0,0,2,1,0
emotionet_5_sixth_50000_294047.jpg,0,0,0,1,2,0
emotionet_5_sixth_50000_294087.jpg,1,0,0,2,2,0
emotionet_5_sixth_50000_294091.jpg,1,0,0,3,2,0
emotionet_5_sixth_50000_294096.jpg,0,0,0,3,2,0
emotionet_5_sixth_50000_294109.jpg,0,0,0,0,0,1
emotionet_5_sixth_50000_294111.jpg,0,0,0,1,2,0
emotionet_5_sixth_50000_294118.jpg,0,0,0,0,2,0
emotionet_5_sixth_50000_294119.jpeg,0,0,0,0,2,0
emotionet_5_sixth_50000_294124.jpg,0,0,0,1,3,0
emotionet_5_sixth_50000_294172.jpg,0,0,0,1,2,0
emotionet_5_sixth_50000_294206.jpg,0,0,0,3,2,0
emotionet_5_sixth_50000_294208.jpg,0,0,0,0,2,0
emotionet_5_sixth_50000_294219.jpg,0,0,0,0,2,0
emotionet_5_sixth_50000_294273.jpg,1,0,0,0,2,0
emotionet_5_sixth_50000_294325.jpg,1,0,0,8,3,0
emotionet_5_sixth_50000_294357.jpg,1,0,0,2,2,0
emotionet_5_sixth_50000_294359.jpg,0,0,0,0,3,0
emotionet_5_sixth_50000_294386.jpg,0,0,0,1,3,0
emotionet_5_sixth_50000_294437.jpg,0,0,0,0,2,0
emotionet_5_sixth_50000_294453.jpg,0,0,0,0,2,0
emotionet_5_sixth_50000_294454.jpg,0,0,0,1,2,0
emotionet_5_sixth_50000_294485.jpg,0,0,0,1,2,0
emotionet_5_sixth_50000_294502.jpg,0,0,2,0,3,0
emotionet_5_sixth_50000_294505.jpg,1,0,0,2,2,0
emotionet_5_sixth_50000_294545.jpg,0,0,0,6,2,0
emotionet_5_sixth_50000_294568.jpg,0,0,0,0,2,0
emotionet_5_sixth_50000_294570.jpg,1,0,0,2,1,0
emotionet_5_sixth_50000_294577.jpg,1,0,0,2,1,0
emotionet_5_sixth_50000_294612.jpg,1,0,0,5,2,0
emotionet_5_sixth_50000_294615.jpg,0,0,0,0,3,0
emotionet_5_sixth_50000_294652.jpg,0,0,0,8,3,0
emotionet_5_sixth_50000_294660.jpg,0,0,0,3,3,0
emotionet_5_sixth_50000_294678.jpg,0,0,0,0,2,0
emotionet_5_sixth_50000_294720.jpg,1,0,0,2,3,0
emotionet_5_sixth_50000_294795.jpg,1,0,0,2,2,0
emotionet_5_sixth_50000_294839.jpg,1,0,0,1,2,0
emotionet_5_sixth_50000_294902.jpg,1,0,0,2,2,0
emotionet_5_sixth_50000_294905.jpg,0,0,0,1,2,0
emotionet_5_sixth_50000_294970.jpg,0,0,0,4,2,0
emotionet_5_sixth_50000_294974.jpeg,0,0,0,0,2,0
emotionet_5_sixth_50000_294977.jpg,0,0,0,0,2,0
emotionet_5_sixth_50000_295012.jpg,0,0,0,3,2,0
emotionet_5_sixth_50000_295020.jpg,0,0,0,0,0,1
emotionet_5_sixth_50000_295029.jpg,0,0,0,8,3,0
emotionet_5_sixth_50000_295038.jpg,0,0,0,0,3,0
emotionet_5_sixth_50000_295044.jpg,0,0,0,1,2,0
emotionet_5_sixth_50000_295055.jpeg,1,0,0,0,3,0
emotionet_5_sixth_50000_295081.jpeg,0,0,0,0,1,0
emotionet_5_sixth_50000_295083.jpg,0,0,0,1,2,0
emotionet_5_sixth_50000_295084.jpg,0,0,0,2,2,0
emotionet_5_sixth_50000_295095.jpg,0,0,0,1,2,0
emotionet_5_sixth_50000_295104.jpg,0,0,0,8,3,0
emotionet_5_sixth_50000_295160.jpg,0,0,0,1,3,0
emotionet_5_sixth_50000_295337.jpg,0,0,0,8,3,0
emotionet_5_sixth_50000_295339.jpg,1,0,0,1,2,0
emotionet_5_sixth_50000_295353.jpg,1,0,1,2,1,0
emotionet_5_sixth_50000_295394.jpg,0,0,0,0,0,1
emotionet_5_sixth_50000_295425.jpg,0,0,0,0,2,0
emotionet_5_sixth_50000_295441.jpg,0,0,0,0,3,0
emotionet_5_sixth_50000_295459.jpg,0,0,0,3,2,0
emotionet_5_sixth_50000_295490.jpg,1,0,0,2,2,0
emotionet_5_sixth_50000_295510.jpg,1,0,0,1,2,0
emotionet_5_sixth_50000_295600.jpg,0,0,0,1,2,0
emotionet_5_sixth_50000_295609.jpg,0,0,0,0,2,0
emotionet_5_sixth_50000_295616.jpg,1,0,0,0,2,0
emotionet_5_sixth_50000_295732.jpg,0,0,0,3,2,0
emotionet_5_sixth_50000_295749.jpg,0,0,0,2,2,0
emotionet_5_sixth_50000_295751.jpg,0,0,0,3,2,0
emotionet_5_sixth_50000_295764.jpg,0,0,0,3,2,0
emotionet_5_sixth_50000_295780.jpg,1,0,1,1,3,0
emotionet_5_sixth_50000_295801.jpg,0,0,0,3,2,0
emotionet_5_sixth_50000_295833.jpg,0,0,0,0,0,1
emotionet_5_sixth_50000_295838.JPG,0,0,0,3,2,0
emotionet_5_sixth_50000_295899.jpg,0,0,0,0,2,0
emotionet_5_sixth_50000_295965.jpg,0,0,0,1,2,0
emotionet_5_sixth_50000_296011.jpg,0,0,0,1,2,0
emotionet_5_sixth_50000_296075.jpg,0,0,0,0,0,1
emotionet_5_sixth_50000_296107.jpg,1,0,1,2,1,0
emotionet_5_sixth_50000_296149.jpg,0,0,0,3,2,0
emotionet_5_sixth_50000_296180.jpg,1,0,0,0,2,0
emotionet_5_sixth_50000_296286.jpg,0,0,0,1,2,0
emotionet_5_sixth_50000_296288.jpg,0,0,0,0,3,0
emotionet_5_sixth_50000_296297.jpg,1,0,0,0,2,0
emotionet_5_sixth_50000_296399.jpg,0,0,0,3,2,0
emotionet_5_sixth_50000_296468.jpg,0,0,0,8,3,0
emotionet_5_sixth_50000_296470.jpg,1,0,0,1,2,0
emotionet_5_sixth_50000_296477.jpg,0,0,0,3,2,0
emotionet_5_sixth_50000_296528.jpg,1,0,0,8,0,0
emotionet_5_sixth_50000_296566.jpg,1,0,1,2,2,0
emotionet_5_sixth_50000_296582.jpg,0,0,0,1,2,0
emotionet_5_sixth_50000_296643.jpg,0,0,0,3,2,0
emotionet_5_sixth_50000_296644.jpg,0,0,0,1,2,0
emotionet_5_sixth_50000_296671.jpg,1,0,0,3,2,0
emotionet_5_sixth_50000_296695.jpg,0,0,0,3,2,0
emotionet_5_sixth_50000_296805.jpg,1,0,1,3,2,0
emotionet_5_sixth_50000_296866.jpg,0,0,0,0,0,1
emotionet_5_sixth_50000_296921.jpg,1,0,0,1,2,0
emotionet_5_sixth_50000_296926.jpg,0,0,0,1,2,0
emotionet_5_sixth_50000_296928.jpg,0,0,0,0,2,0
emotionet_5_sixth_50000_296939.jpg,1,0,0,0,2,0
emotionet_5_sixth_50000_296940.JPG,0,0,0,1,2,0
emotionet_5_sixth_50000_296942.jpg,0,0,0,0,2,0
emotionet_5_sixth_50000_296953.jpg,0,0,0,1,2,0
emotionet_5_sixth_50000_296968.jpg,0,0,0,1,2,0
emotionet_5_sixth_50000_297031.jpg,1,0,0,5,1,0
emotionet_5_sixth_50000_297169.jpg,0,0,0,1,2,0
emotionet_5_sixth_50000_297183.jpg,1,0,1,0,2,0
emotionet_5_sixth_50000_297184.jpg,0,0,0,1,2,0
emotionet_5_sixth_50000_297192.jpg,0,0,0,0,2,0
emotionet_5_sixth_50000_297245.jpg,0,0,1,1,2,0
emotionet_5_sixth_50000_297254.jpg,0,0,1,1,1,0
emotionet_5_sixth_50000_297285.jpg,0,0,1,1,2,0
emotionet_5_sixth_50000_297366.jpg,1,0,0,1,2,0
emotionet_5_sixth_50000_297368.jpg,1,0,0,1,2,0
emotionet_5_sixth_50000_297370.jpg,1,0,0,1,2,0
emotionet_5_sixth_50000_297406.jpg,0,0,0,0,2,0
emotionet_5_sixth_50000_297481.jpg,0,0,0,3,2,0
emotionet_5_sixth_50000_297508.jpg,0,0,0,0,0,1
emotionet_5_sixth_50000_297522.jpg,0,0,0,0,0,1
emotionet_5_sixth_50000_297534.jpg,0,0,0,1,2,0
emotionet_5_sixth_50000_297541.jpg,0,0,0,3,2,0
emotionet_5_sixth_50000_297597.jpg,0,0,0,0,2,0
emotionet_5_sixth_50000_297623.jpg,1,0,0,1,2,0
emotionet_5_sixth_50000_297624.jpg,1,0,0,1,2,0
emotionet_5_sixth_50000_297635.jpg,0,0,0,5,2,0
emotionet_5_sixth_50000_297651.jpg,0,0,0,1,2,0
emotionet_5_sixth_50000_297658.jpg,0,0,0,0,2,0
emotionet_5_sixth_50000_297680.jpg,0,0,0,0,3,0
emotionet_5_sixth_50000_297687.jpg,0,0,0,0,0,1
emotionet_5_sixth_50000_297698.jpg,0,0,0,0,2,0
emotionet_5_sixth_50000_297700.jpg,0,0,0,0,2,0
emotionet_5_sixth_50000_297707.jpg,1,0,0,1,2,0
emotionet_5_sixth_50000_297747.jpg,0,0,0,2,2,0
emotionet_5_sixth_50000_297775.jpg,1,0,1,2,1,0
emotionet_5_sixth_50000_297810.jpg,1,0,0,0,2,0
emotionet_5_sixth_50000_297874.jpg,0,0,0,1,2,0
emotionet_5_sixth_50000_297933.jpg,0,0,0,0,1,0
emotionet_5_sixth_50000_297934.jpg,0,0,0,1,2,0
emotionet_5_sixth_50000_297941.jpg,0,0,0,3,2,0
emotionet_5_sixth_50000_297946.jpg,1,0,0,0,2,0
emotionet_5_sixth_50000_297948.jpg,1,0,0,1,2,0
emotionet_5_sixth_50000_297950.jpg,0,0,0,0,2,0
emotionet_5_sixth_50000_297981.jpg,1,0,0,5,1,0
emotionet_5_sixth_50000_298020.jpg,0,0,0,3,3,0
emotionet_5_sixth_50000_298055.jpg,0,0,1,8,0,0
emotionet_5_sixth_50000_298084.jpg,0,0,0,3,2,0
emotionet_5_sixth_50000_298115.jpg,0,0,1,3,3,0
emotionet_5_sixth_50000_298169.jpg,1,0,1,2,2,0
emotionet_5_sixth_50000_298171.jpg,1,0,0,2,2,0
emotionet_5_sixth_50000_298202.jpg,0,0,0,4,2,0
emotionet_5_sixth_50000_298261.jpg,1,0,0,1,3,0
emotionet_5_sixth_50000_298268.jpg,0,0,0,0,2,0
emotionet_5_sixth_50000_298285.jpg,1,0,0,2,2,0
emotionet_5_sixth_50000_298330.jpg,0,0,0,1,2,0
emotionet_5_sixth_50000_298337.jpg,0,0,0,1,2,0
emotionet_5_sixth_50000_298339.jpg,0,0,0,0,0,1
emotionet_5_sixth_50000_298342.jpg,1,0,0,1,2,0
emotionet_5_sixth_50000_298345.jpg,0,0,1,0,2,0
emotionet_5_sixth_50000_298448.jpg,0,0,2,3,2,0
emotionet_5_sixth_50000_298490.jpg,0,0,0,2,2,0
emotionet_5_sixth_50000_298499.jpg,0,0,0,1,2,0
emotionet_5_sixth_50000_298510.jpg,1,0,0,3,2,0
emotionet_5_sixth_50000_298517.jpg,1,0,0,2,2,0
emotionet_5_sixth_50000_298519.jpg,0,0,0,1,2,0
emotionet_5_sixth_50000_298522.jpg,0,0,0,0,2,0
emotionet_5_sixth_50000_298565.jpg,0,0,0,0,2,0
emotionet_5_sixth_50000_298574.jpg,0,0,0,0,2,0
emotionet_5_sixth_50000_298609.jpg,1,0,0,3,2,0
emotionet_5_sixth_50000_298672.jpg,0,0,0,0,2,0
emotionet_5_sixth_50000_298723.jpg,1,0,0,3,2,0
emotionet_5_sixth_50000_298747.jpg,0,0,0,1,2,0
emotionet_5_sixth_50000_298789.jpg,1,0,1,2,3,0
emotionet_5_sixth_50000_298796.jpg,0,0,1,0,2,0
emotionet_5_sixth_50000_298848.jpg,1,0,0,2,1,0
emotionet_5_sixth_50000_299047.jpg,0,0,0,0,0,1
emotionet_5_sixth_50000_299075.jpg,0,0,0,0,0,1
emotionet_5_sixth_50000_299089.jpg,0,0,0,1,3,0
emotionet_5_sixth_50000_299091.jpg,0,0,0,0,2,0
emotionet_5_sixth_50000_299098.jpg,0,0,0,8,0,0
emotionet_5_sixth_50000_299102.JPG,0,0,0,1,2,0
emotionet_5_sixth_50000_299107.jpg,1,0,0,2,1,0
emotionet_5_sixth_50000_299118.jpg,1,0,0,2,1,0
